Filename,Error Type,Detail
"far-clone.svg","VIEWBOX_MISMATCH","Path coordinates (-64.0, -64.0) to (448.0, 464.0) extend outside viewBox (0, 0) to (15, 15)"
"far-credit-card.svg","VALID","No issues found"
"far-dot-circle.svg","VIEWBOX_MISMATCH","Path coordinates (0.0, -192.0) to (464.0, 512.0) extend outside viewBox (0, 0) to (15, 15)"
"far-snowflake.svg","VIEWBOX_MISMATCH","Path coordinates (-77.8, -77.8) to (441.9, 488.0) extend outside viewBox (0, 0) to (15, 15)"
"far-times-circle.svg","VIEWBOX_MISMATCH","Path coordinates (-47.0, -416.0) to (416.0, 512.0) extend outside viewBox (0, 0) to (15, 15)"
"fas-ambulance.svg","VIEWBOX_MISMATCH","Path coordinates (-96.0, -96.0) to (576.0, 589.3) extend outside viewBox (0, 0) to (15, 15)"
"fas-apple-alt.svg","VIEWBOX_MISMATCH","Path coordinates (-160.0, -160.0) to (224.0, 512.0) extend outside viewBox (0, 0) to (15, 15)"
"fas-archive.svg","VIEWBOX_MISMATCH","Path coordinates (-64.0, -64.0) to (480.0, 416.0) extend outside viewBox (0, 0) to (15, 15)"
"fas-archway.svg","VIEWBOX_MISMATCH","Path coordinates (-96.0, -32.0) to (480.0, 480.0) extend outside viewBox (0, 0) to (15, 15)"
"fas-baby-carriage.svg","VALID","No issues found"
"fas-baby.svg","VIEWBOX_MISMATCH","Path coordinates (-71.8, -56.6) to (438.6, 284.0) extend outside viewBox (0, 0) to (15, 15)"
"fas-balance-scale.svg","VIEWBOX_MISMATCH","Path coordinates (-163.2, -163.2) to (584.4, 627.2) extend outside viewBox (0, 0) to (15, 15)"
"fas-bath.svg","VIEWBOX_MISMATCH","Path coordinates (-32.0, -71.6) to (464.0, 480.0) extend outside viewBox (0, 0) to (15, 15)"
"fas-beer.svg","VIEWBOX_MISMATCH","Path coordinates (-64.0, -64.0) to (416.0, 384.0) extend outside viewBox (0, 0) to (15, 15)"
"fas-bell.svg","VIEWBOX_MISMATCH","Path coordinates (-128.0, -156.8) to (493.3, 416.0) extend outside viewBox (0, 0) to (15, 15)"
"fas-biking.svg","VIEWBOX_MISMATCH","Path coordinates (-144.0, -256.0) to (416.0, 427.2) extend outside viewBox (0, 0) to (15, 15)"
"fas-blender.svg","VIEWBOX_MISMATCH","Path coordinates (-64.0, -96.0) to (485.8, 494.5) extend outside viewBox (0, 0) to (512, 512)"
"fas-book.svg","VIEWBOX_MISMATCH","Path coordinates (-32.0, -240.0) to (416.0, 384.0) extend outside viewBox (0, 0) to (15, 15)"
"fas-border-all.svg","VIEWBOX_MISMATCH","Path coordinates (-64.0, -64.0) to (416.0, 416.0) extend outside viewBox (0, 0) to (15, 15)"
"fas-bowl-rice.svg","VIEWBOX_MISMATCH","Path coordinates (-96.0, -106.7) to (484.6, 440.0) extend outside viewBox (0, 0) to (15, 15)"
"fas-box-open.svg","VIEWBOX_MISMATCH","Path coordinates (-51.0, -204.1) to (576.0, 248.0) extend outside viewBox (0, 0) to (15, 15)"
"fas-box.svg","VIEWBOX_MISMATCH","Path coordinates (-64.0, 32.0) to (397.3, 448.0) extend outside viewBox (0, 0) to (15, 15)"
"fas-bugs.svg","VIEWBOX_MISMATCH","Path coordinates (-56.0, -73.5) to (566.2, 440.0) extend outside viewBox (0, 0) to (15, 15)"
"fas-building-flag.svg","VIEWBOX_MISMATCH","Path coordinates (-48.0, -48.0) to (624.0, 512.0) extend outside viewBox (0, 0) to (15, 15)"
"fas-bullseye.svg","VIEWBOX_MISMATCH","Path coordinates (-160.0, -288.0) to (448.0, 512.0) extend outside viewBox (0, 0) to (15, 15)"
"fas-burn.svg","VIEWBOX_MISMATCH","Path coordinates (-96.0, -190.4) to (372.5, 512.0) extend outside viewBox (0, 0) to (15, 15)"
"fas-calendar-alt.svg","VIEWBOX_MISMATCH","Path coordinates (-48.0, -48.0) to (448.0, 464.0) extend outside viewBox (0, 0) to (15, 15)"
"fas-calendar-days.svg","VIEWBOX_MISMATCH","Path coordinates (-48.0, -48.0) to (448.0, 464.0) extend outside viewBox (0, 0) to (15, 15)"
"fas-camera-retro.svg","VIEWBOX_MISMATCH","Path coordinates (-176.0, -64.0) to (448.0, 416.0) extend outside viewBox (0, 0) to (15, 15)"
"fas-cannabis.svg","VIEWBOX_MISMATCH","Path coordinates (-69.8, -111.7) to (488.0, 417.2) extend outside viewBox (0, 0) to (15, 15)"
"fas-car-battery.svg","VALID","No issues found"
"fas-car-crash.svg","VALID","No issues found"
"fas-car.svg","VIEWBOX_MISMATCH","Path coordinates (-320.0, -74.6) to (372.3, 304.0) extend outside viewBox (0, 0) to (512, 512)"
"fas-carrot.svg","VALID","No issues found"
"fas-cat.svg","VIEWBOX_MISMATCH","Path coordinates (-96.0, -96.0) to (544.0, 524.8) extend outside viewBox (0, 0) to (15, 15)"
"fas-charging-station.svg","VIEWBOX_MISMATCH","Path coordinates (-88.0, -112.0) to (480.0, 544.0) extend outside viewBox (0, 0) to (15, 15)"
"fas-cheese.svg","VIEWBOX_MISMATCH","Path coordinates (-64.0, -64.0) to (512.0, 512.0) extend outside viewBox (0, 0) to (15, 15)"
"fas-chess-bishop.svg","VIEWBOX_MISMATCH","Path coordinates (-104.1, -99.4) to (432.0, 512.0) extend outside viewBox (0, 0) to (15, 15)"
"fas-chess-knight.svg","VIEWBOX_MISMATCH","Path coordinates (-40.0, -159.0) to (432.0, 512.0) extend outside viewBox (0, 0) to (15, 15)"
"fas-chess-pawn.svg","VIEWBOX_MISMATCH","Path coordinates (-104.0, -104.0) to (512.0, 432.0) extend outside viewBox (0, 0) to (15, 15)"
"fas-chevron-circle-up.svg","VIEWBOX_MISMATCH","Path coordinates (-87.0, -87.0) to (377.0, 512.0) extend outside viewBox (0, 0) to (15, 15)"
"fas-child-reaching.svg","VIEWBOX_MISMATCH","Path coordinates (-64.2, -98.8) to (480.0, 384.0) extend outside viewBox (0, 0) to (15, 15)"
"fas-child.svg","VIEWBOX_MISMATCH","Path coordinates (-44.1, -96.0) to (315.1, 480.0) extend outside viewBox (0, 0) to (320, 512)"
"fas-church.svg","VIEWBOX_MISMATCH","Path coordinates (-64.0, -42.1) to (512.0, 592.0) extend outside viewBox (0, 0) to (15, 15)"
"fas-cocktail.svg","VIEWBOX_MISMATCH","Path coordinates (-177.0, -144.0) to (464.0, 432.0) extend outside viewBox (0, 0) to (15, 15)"
"fas-code.svg","VIEWBOX_MISMATCH","Path coordinates (-306.7, -448.0) to (562.7, 448.0) extend outside viewBox (0, 0) to (15, 15)"
"fas-coins.svg","VIEWBOX_MISMATCH","Path coordinates (-153.6, -192.0) to (512.0, 448.0) extend outside viewBox (0, 0) to (15, 15)"
"fas-comment.svg","VIEWBOX_MISMATCH","Path coordinates (-256.0, -62.9) to (512.0, 480.0) extend outside viewBox (0, 0) to (15, 15)"
"fas-comments.svg","VIEWBOX_MISMATCH","Path coordinates (-216.5, -176.0) to (448.0, 512.0) extend outside viewBox (0, 0) to (15, 15)"
"fas-compact-disc.svg","VIEWBOX_MISMATCH","Path coordinates (-192.0, -98.8) to (256.0, 512.0) extend outside viewBox (0, 0) to (15, 15)"
"fas-compress-arrows-alt.svg","VIEWBOX_MISMATCH","Path coordinates (-256.0, -40.0) to (512.0, 512.0) extend outside viewBox (0, 0) to (15, 15)"
"fas-concierge-bell.svg","VIEWBOX_MISMATCH","Path coordinates (-222.7, -200.0) to (480.0, 488.0) extend outside viewBox (0, 0) to (15, 15)"
"fas-couch.svg","VIEWBOX_MISMATCH","Path coordinates (-78.4, -64.0) to (544.0, 576.0) extend outside viewBox (0, 0) to (15, 15)"
"fas-crosshairs.svg","VIEWBOX_MISMATCH","Path coordinates (-32.0, -181.6) to (469.6, 480.0) extend outside viewBox (0, 0) to (15, 15)"
"fas-crown.svg","VIEWBOX_MISMATCH","Path coordinates (-52.6, -89.1) to (426.6, 535.3) extend outside viewBox (0, 0) to (15, 15)"
"fas-crutch.svg","VIEWBOX_MISMATCH","Path coordinates (-160.0, -160.0) to (336.0, 457.4) extend outside viewBox (0, 0) to (15, 15)"
"fas-cube.svg","VIEWBOX_MISMATCH","Path coordinates (-188.0, -192.0) to (512.0, 368.6) extend outside viewBox (0, 0) to (15, 15)"
"fas-cut.svg","VIEWBOX_MISMATCH","Path coordinates (-102.4, -112.0) to (499.2, 460.8) extend outside viewBox (0, 0) to (15, 15)"
"fas-dice.svg","VIEWBOX_MISMATCH","Path coordinates (-101.8, -101.8) to (576.0, 448.0) extend outside viewBox (0, 0) to (15, 15)"
"fas-directions.svg","VIEWBOX_MISMATCH","Path coordinates (-216.0, -216.0) to (227.7, 280.0) extend outside viewBox (0, 0) to (15, 15)"
"fas-dolly.svg","VIEWBOX_MISMATCH","Path coordinates (-96.0, -96.0) to (417.7, 352.0) extend outside viewBox (0, 0) to (15, 15)"
"fas-door-closed.svg","VIEWBOX_MISMATCH","Path coordinates (-64.0, -64.0) to (416.0, 448.0) extend outside viewBox (0, 0) to (15, 15)"
"fas-door-open.svg","VIEWBOX_MISMATCH","Path coordinates (-179.9, -64.0) to (512.0, 480.0) extend outside viewBox (0, 0) to (15, 15)"
"fas-dove.svg","VIEWBOX_MISMATCH","Path coordinates (-157.2, -219.3) to (512.0, 400.0) extend outside viewBox (0, 0) to (15, 15)"
"fas-drafting-compass.svg","VIEWBOX_MISMATCH","Path coordinates (-119.9, -84.0) to (440.6, 510.3) extend outside viewBox (0, 0) to (15, 15)"
"fas-dragon.svg","VIEWBOX_MISMATCH","Path coordinates (-113.1, -48.0) to (640.0, 538.5) extend outside viewBox (0, 0) to (15, 15)"
"fas-drumstick-bite.svg","VIEWBOX_MISMATCH","Path coordinates (-112.0, -60.0) to (336.0, 494.5) extend outside viewBox (0, 0) to (15, 15)"
"fas-dumbbell.svg","VIEWBOX_MISMATCH","Path coordinates (-32.0, -32.0) to (416.0, 544.0) extend outside viewBox (0, 0) to (15, 15)"
"fas-dumpster-fire.svg","VIEWBOX_MISMATCH","Path coordinates (-160.0, -159.8) to (640.0, 480.0) extend outside viewBox (0, 0) to (15, 15)"
"fas-dumpster.svg","VIEWBOX_MISMATCH","Path coordinates (-160.0, -32.0) to (448.0, 549.2) extend outside viewBox (0, 0) to (15, 15)"
"fas-dungeon.svg","VIEWBOX_MISMATCH","Path coordinates (-77.3, -68.6) to (464.0, 416.0) extend outside viewBox (0, 0) to (15, 15)"
"fas-eye.svg","VIEWBOX_MISMATCH","Path coordinates (-288.0, -131.1) to (433.5, 480.0) extend outside viewBox (0, 0) to (15, 15)"
"fas-film.svg","VIEWBOX_MISMATCH","Path coordinates (-64.0, -64.0) to (448.0, 416.0) extend outside viewBox (0, 0) to (15, 15)"
"fas-fire-extinguisher.svg","VIEWBOX_MISMATCH","Path coordinates (-64.0, -160.0) to (512.0, 416.0) extend outside viewBox (0, 0) to (15, 15)"
"fas-fish.svg","VIEWBOX_MISMATCH","Path coordinates (-155.5, -64.0) to (452.3, 432.0) extend outside viewBox (0, 0) to (15, 15)"
"fas-flask.svg","VIEWBOX_MISMATCH","Path coordinates (-32.0, -171.0) to (512.0, 378.6) extend outside viewBox (0, 0) to (15, 15)"
"fas-frog.svg","VIEWBOX_MISMATCH","Path coordinates (-146.9, -105.7) to (544.0, 480.0) extend outside viewBox (0, 0) to (15, 15)"
"fas-futbol.svg","VIEWBOX_MISMATCH","Path coordinates (-71.6, -325.7) to (417.3, 512.0) extend outside viewBox (0, 0) to (15, 15)"
"fas-gavel.svg","VIEWBOX_MISMATCH","Path coordinates (-152.0, -120.0) to (330.6, 298.7) extend outside viewBox (0, 0) to (15, 15)"
"fas-guitar.svg","VIEWBOX_MISMATCH","Path coordinates (-131.0, -131.0) to (465.0, 464.5) extend outside viewBox (0, 0) to (15, 15)"
"fas-hammer.svg","VIEWBOX_MISMATCH","Path coordinates (-88.0, -58.6) to (503.0, 512.0) extend outside viewBox (0, 0) to (15, 15)"
"fas-handshake.svg","VIEWBOX_MISMATCH","Path coordinates (-134.2, -123.0) to (544.0, 544.0) extend outside viewBox (0, 0) to (15, 15)"
"fas-hashtag.svg","VIEWBOX_MISMATCH","Path coordinates (-128.0, -128.0) to (347.1, 416.0) extend outside viewBox (0, 0) to (15, 15)"
"fas-hat-cowboy-side.svg","VIEWBOX_MISMATCH","Path coordinates (-144.7, -134.6) to (544.0, 562.4) extend outside viewBox (0, 0) to (15, 15)"
"fas-helmet-safety.svg","VIEWBOX_MISMATCH","Path coordinates (-125.1, -198.6) to (480.0, 544.0) extend outside viewBox (0, 0) to (15, 15)"
"fas-hiking.svg","VIEWBOX_MISMATCH","Path coordinates (-96.0, -346.0) to (480.0, 488.1) extend outside viewBox (0, 0) to (15, 15)"
"fas-horse.svg","VIEWBOX_MISMATCH","Path coordinates (-75.7, -72.5) to (480.0, 560.0) extend outside viewBox (0, 0) to (15, 15)"
"fas-hospital-alt.svg","VIEWBOX_MISMATCH","Path coordinates (-48.0, -48.0) to (592.0, 560.0) extend outside viewBox (0, 0) to (15, 15)"
"fas-hot-tub-person.svg","VIEWBOX_MISMATCH","Path coordinates (-89.2, -96.0) to (448.0, 448.0) extend outside viewBox (0, 0) to (15, 15)"
"fas-hotdog.svg","VIEWBOX_MISMATCH","Path coordinates (-352.0, -352.0) to (495.0, 495.0) extend outside viewBox (0, 0) to (15, 15)"
"fas-hotel.svg","VIEWBOX_MISMATCH","Path coordinates (-72.2, -93.0) to (480.0, 464.0) extend outside viewBox (0, 0) to (15, 15)"
"fas-house-damage.svg","VIEWBOX_MISMATCH","Path coordinates (-85.5, -67.3) to (575.8, 512.0) extend outside viewBox (0, 0) to (15, 15)"
"fas-house-fire.svg","VIEWBOX_MISMATCH","Path coordinates (-179.4, -160.0) to (512.0, 640.0) extend outside viewBox (0, 0) to (15, 15)"
"fas-i-cursor.svg","VIEWBOX_MISMATCH","Path coordinates (-85.4, -63.8) to (288.0, 482.7) extend outside viewBox (0, 0) to (15, 15)"
"fas-ice-cream.svg","VIEWBOX_MISMATCH","Path coordinates (-48.0, -48.0) to (497.7, 368.0) extend outside viewBox (0, 0) to (15, 15)"
"fas-jar.svg","VIEWBOX_MISMATCH","Path coordinates (-64.0, -64.0) to (256.0, 448.0) extend outside viewBox (0, 0) to (15, 15)"
"fas-key.svg","VIEWBOX_MISMATCH","Path coordinates (-7.0, -176.0) to (448.0, 391.0) extend outside viewBox (0, 0) to (15, 15)"
"fas-laptop.svg","VIEWBOX_MISMATCH","Path coordinates (-76.8, -64.0) to (563.2, 512.0) extend outside viewBox (0, 0) to (15, 15)"
"fas-leaf.svg","VIEWBOX_MISMATCH","Path coordinates (-291.4, -71.4) to (448.0, 455.9) extend outside viewBox (0, 0) to (15, 15)"
"fas-life-ring.svg","VIEWBOX_MISMATCH","Path coordinates (-111.2, -157.3) to (448.0, 467.0) extend outside viewBox (0, 0) to (15, 15)"
"fas-lock.svg","VIEWBOX_MISMATCH","Path coordinates (-80.0, -80.0) to (448.0, 304.0) extend outside viewBox (0, 0) to (15, 15)"
"fas-long-arrow-alt-right.svg","VIEWBOX_MISMATCH","Path coordinates (-144.0, -136.0) to (334.5, 414.0) extend outside viewBox (0, 0) to (15, 15)"
"fas-mail-bulk.svg","VIEWBOX_MISMATCH","Path coordinates (-64.0, -32.0) to (496.0, 576.0) extend outside viewBox (0, 0) to (15, 15)"
"fas-map-signs.svg","VIEWBOX_MISMATCH","Path coordinates (-48.0, -48.0) to (480.0, 448.0) extend outside viewBox (0, 0) to (15, 15)"
"fas-map.svg","VIEWBOX_MISMATCH","Path coordinates (-15.1, -22.3) to (480.8, 543.1) extend outside viewBox (0, 0) to (15, 15)"
"fas-medkit.svg","VIEWBOX_MISMATCH","Path coordinates (-64.0, -64.0) to (480.0, 480.0) extend outside viewBox (0, 0) to (15, 15)"
"fas-microchip.svg","VIEWBOX_MISMATCH","Path coordinates (-64.0, -64.0) to (448.0, 448.0) extend outside viewBox (0, 0) to (15, 15)"
"fas-microphone.svg","VIEWBOX_MISMATCH","Path coordinates (-174.4, -128.0) to (430.4, 464.0) extend outside viewBox (0, 0) to (15, 15)"
"fas-mobile-alt.svg","VIEWBOX_MISMATCH","Path coordinates (-64.0, -64.0) to (304.0, 448.0) extend outside viewBox (0, 0) to (15, 15)"
"fas-moped.svg","VIEWBOX_MISMATCH","Path coordinates (-25.2, -31.6) to (88.7, 91.6) extend outside viewBox (0, 0) to (122.88, 85.49)"
"fas-mosque.svg","VIEWBOX_MISMATCH","Path coordinates (-86.1, -49.2) to (512.0, 608.0) extend outside viewBox (0, 0) to (15, 15)"
"fas-motorcycle.svg","VIEWBOX_MISMATCH","Path coordinates (-128.0, -128.0) to (391.7, 480.0) extend outside viewBox (0, 0) to (15, 15)"
"fas-music.svg","VIEWBOX_MISMATCH","Path coordinates (-96.0, -96.0) to (499.1, 432.0) extend outside viewBox (0, 0) to (15, 15)"
"fas-newspaper.svg","VIEWBOX_MISMATCH","Path coordinates (-80.0, -80.0) to (448.0, 416.0) extend outside viewBox (0, 0) to (15, 15)"
"fas-paint-roller.svg","VIEWBOX_MISMATCH","Path coordinates (-80.0, -96.0) to (352.0, 480.0) extend outside viewBox (0, 0) to (15, 15)"
"fas-paperclip.svg","VIEWBOX_MISMATCH","Path coordinates (-231.6, -231.6) to (364.2, 184.0) extend outside viewBox (0, 0) to (15, 15)"
"fas-pen-ruler.svg","VIEWBOX_MISMATCH","Path coordinates (-104.0, -104.0) to (496.0, 496.0) extend outside viewBox (0, 0) to (15, 15)"
"fas-people-carry.svg","VALID","No issues found"
"fas-pepper-hot.svg","VIEWBOX_MISMATCH","Path coordinates (-43.3, -55.8) to (512.0, 512.0) extend outside viewBox (0, 0) to (15, 15)"
"fas-person-arrow-up-from-line.svg","VIEWBOX_MISMATCH","Path coordinates (-96.0, -97.0) to (598.6, 608.0) extend outside viewBox (0, 0) to (15, 15)"
"fas-person-booth.svg","VIEWBOX_MISMATCH","Path coordinates (-41.6, -54.0) to (512.0, 480.0) extend outside viewBox (0, 0) to (15, 15)"
"fas-phone-alt.svg","VIEWBOX_MISMATCH","Path coordinates (-448.0, -160.7) to (512.0, 448.0) extend outside viewBox (0, 0) to (15, 15)"
"fas-pills.svg","VIEWBOX_MISMATCH","Path coordinates (-160.0, -160.0) to (480.0, 554.9) extend outside viewBox (0, 0) to (15, 15)"
"fas-plane-departure.svg","VIEWBOX_MISMATCH","Path coordinates (-112.0, -32.0) to (608.0, 645.9) extend outside viewBox (0, 0) to (15, 15)"
"fas-plane.svg","VIEWBOX_MISMATCH","Path coordinates (-116.6, -171.6) to (482.3, 495.9) extend outside viewBox (0, 0) to (15, 15)"
"fas-plate-wheat.svg","VIEWBOX_MISMATCH","Path coordinates (-96.0, -98.4) to (484.2, 502.3) extend outside viewBox (0, 0) to (15, 15)"
"fas-plug-circle-bolt.svg","VIEWBOX_MISMATCH","Path coordinates (-288.0, -225.0) to (488.0, 512.0) extend outside viewBox (0, 0) to (15, 15)"
"fas-plug.svg","VIEWBOX_MISMATCH","Path coordinates (-32.0, -32.0) to (412.8, 480.0) extend outside viewBox (0, 0) to (15, 15)"
"fas-plus.svg","VIEWBOX_MISMATCH","Path coordinates (-32.0, -32.0) to (288.0, 432.0) extend outside viewBox (0, 0) to (15, 15)"
"fas-print.svg","VIEWBOX_MISMATCH","Path coordinates (-64.0, -64.0) to (384.0, 432.0) extend outside viewBox (0, 0) to (15, 15)"
"fas-procedures.svg","VIEWBOX_MISMATCH","Path coordinates (-144.0, -160.0) to (524.0, 544.0) extend outside viewBox (0, 0) to (15, 15)"
"fas-puzzle-piece.svg","VIEWBOX_MISMATCH","Path coordinates (-64.0, -64.0) to (464.0, 352.0) extend outside viewBox (0, 0) to (15, 15)"
"fas-question.svg","VIEWBOX_MISMATCH","Path coordinates (-128.0, -128.0) to (320.0, 320.0) extend outside viewBox (0, 0) to (15, 15)"
"fas-rocket.svg","VIEWBOX_MISMATCH","Path coordinates (-111.4, -88.5) to (483.9, 384.9) extend outside viewBox (0, 0) to (15, 15)"
"fas-rotate.svg","VIEWBOX_MISMATCH","Path coordinates (-225.3, -315.8) to (463.5, 472.0) extend outside viewBox (0, 0) to (15, 15)"
"fas-running.svg","VIEWBOX_MISMATCH","Path coordinates (-82.7, -100.4) to (384.0, 362.7) extend outside viewBox (0, 0) to (15, 15)"
"fas-satellite-dish.svg","VIEWBOX_MISMATCH","Path coordinates (-128.0, -128.0) to (512.0, 512.0) extend outside viewBox (0, 0) to (15, 15)"
"fas-school.svg","VIEWBOX_MISMATCH","Path coordinates (-176.0, -64.0) to (512.0, 592.0) extend outside viewBox (0, 0) to (15, 15)"
"fas-screwdriver.svg","VIEWBOX_MISMATCH","Path coordinates (-112.0, -112.0) to (465.0, 408.0) extend outside viewBox (0, 0) to (15, 15)"
"fas-seedling.svg","VIEWBOX_MISMATCH","Path coordinates (-194.2, -139.3) to (512.0, 480.0) extend outside viewBox (0, 0) to (15, 15)"
"fas-server.svg","VIEWBOX_MISMATCH","Path coordinates (-64.0, -64.0) to (352.0, 448.0) extend outside viewBox (0, 0) to (15, 15)"
"fas-shapes.svg","VIEWBOX_MISMATCH","Path coordinates (-160.0, -256.0) to (512.0, 456.0) extend outside viewBox (0, 0) to (15, 15)"
"fas-share-alt.svg","VIEWBOX_MISMATCH","Path coordinates (-96.0, -96.0) to (352.0, 224.0) extend outside viewBox (0, 0) to (15, 15)"
"fas-shoe-prints.svg","VIEWBOX_MISMATCH","Path coordinates (-176.0, -128.0) to (480.0, 512.0) extend outside viewBox (0, 0) to (15, 15)"
"fas-shopping-basket.svg","VIEWBOX_MISMATCH","Path coordinates (-32.4, -48.5) to (544.0, 430.0) extend outside viewBox (0, 0) to (15, 15)"
"fas-shopping-cart.svg","VIEWBOX_MISMATCH","Path coordinates (-412.7, -52.2) to (572.6, 512.0) extend outside viewBox (0, 0) to (640, 512)"
"fas-sign-hanging.svg","VIEWBOX_MISMATCH","Path coordinates (-32.0, -352.0) to (448.0, 480.0) extend outside viewBox (0, 0) to (15, 15)"
"fas-skating.svg","VIEWBOX_MISMATCH","Path coordinates (-96.0, -86.9) to (352.0, 478.3) extend outside viewBox (0, 0) to (15, 15)"
"fas-skiing-nordic.svg","VIEWBOX_MISMATCH","Path coordinates (-179.3, -257.6) to (464.0, 504.0) extend outside viewBox (0, 0) to (15, 15)"
"fas-skiing.svg","VIEWBOX_MISMATCH","Path coordinates (-96.0, -75.1) to (380.7, 391.0) extend outside viewBox (0, 0) to (15, 15)"
"fas-sleigh.svg","VIEWBOX_MISMATCH","Path coordinates (-185.6, -102.9) to (640.0, 512.0) extend outside viewBox (0, 0) to (15, 15)"
"fas-smoking.svg","VIEWBOX_MISMATCH","Path coordinates (-101.8, -64.0) to (576.0, 416.0) extend outside viewBox (0, 0) to (15, 15)"
"fas-snowboarding.svg","VIEWBOX_MISMATCH","Path coordinates (-72.1, -96.0) to (472.0, 443.8) extend outside viewBox (0, 0) to (15, 15)"
"fas-solar-panel.svg","VIEWBOX_MISMATCH","Path coordinates (-256.0, -169.4) to (569.0, 574.5) extend outside viewBox (0, 0) to (15, 15)"
"fas-sort-alpha-up.svg","VIEWBOX_MISMATCH","Path coordinates (-128.0, -96.0) to (448.0, 480.0) extend outside viewBox (0, 0) to (15, 15)"
"fas-spa.svg","VIEWBOX_MISMATCH","Path coordinates (-97.9, -164.6) to (546.0, 576.0) extend outside viewBox (0, 0) to (15, 15)"
"fas-space-shuttle.svg","VIEWBOX_MISMATCH","Path coordinates (-224.0, -96.0) to (591.0, 512.0) extend outside viewBox (0, 0) to (15, 15)"
"fas-spoon.svg","VIEWBOX_MISMATCH","Path coordinates (-160.2, -60.8) to (416.0, 502.6) extend outside viewBox (0, 0) to (15, 15)"
"fas-stamp.svg","VIEWBOX_MISMATCH","Path coordinates (-112.0, -112.0) to (432.0, 464.0) extend outside viewBox (0, 0) to (15, 15)"
"fas-store-alt-slash.svg","VIEWBOX_MISMATCH","Path coordinates (-64.0, -50.4) to (603.2, 558.2) extend outside viewBox (0, 0) to (15, 15)"
"fas-store.svg","VIEWBOX_MISMATCH","Path coordinates (-352.0, -151.2) to (344.0, 352.0) extend outside viewBox (0, 0) to (512, 512)"
"fas-suitcase-rolling.svg","VIEWBOX_MISMATCH","Path coordinates (-64.0, -64.0) to (288.0, 416.0) extend outside viewBox (0, 0) to (15, 15)"
"fas-suitcase.svg","VIEWBOX_MISMATCH","Path coordinates (-64.0, -64.0) to (480.0, 480.0) extend outside viewBox (0, 0) to (15, 15)"
"fas-swimmer.svg","VIEWBOX_MISMATCH","Path coordinates (-94.5, -38.4) to (449.5, 416.0) extend outside viewBox (0, 0) to (15, 15)"
"fas-swimming-pool.svg","VIEWBOX_MISMATCH","Path coordinates (-59.2, -94.5) to (480.0, 479.7) extend outside viewBox (0, 0) to (15, 15)"
"fas-synagogue.svg","VIEWBOX_MISMATCH","Path coordinates (-64.0, -70.9) to (512.0, 512.0) extend outside viewBox (0, 0) to (15, 15)"
"fas-table-tennis.svg","VIEWBOX_MISMATCH","Path coordinates (-114.6, -192.0) to (535.8, 392.7) extend outside viewBox (0, 0) to (15, 15)"
"fas-tachometer-alt.svg","VIEWBOX_MISMATCH","Path coordinates (-64.0, -64.0) to (366.0, 512.0) extend outside viewBox (0, 0) to (15, 15)"
"fas-tags.svg","VIEWBOX_MISMATCH","Path coordinates (-168.0, -168.0) to (472.8, 472.9) extend outside viewBox (0, 0) to (15, 15)"
"fas-tape.svg","VIEWBOX_MISMATCH","Path coordinates (-32.0, -192.0) to (544.0, 480.0) extend outside viewBox (0, 0) to (15, 15)"
"fas-taxi.svg","VIEWBOX_MISMATCH","Path coordinates (-85.2, -85.2) to (437.2, 432.0) extend outside viewBox (0, 0) to (15, 15)"
"fas-teeth.svg","VIEWBOX_MISMATCH","Path coordinates (-96.0, -176.0) to (480.0, 384.0) extend outside viewBox (0, 0) to (15, 15)"
"fas-th-list.svg","VIEWBOX_MISMATCH","Path coordinates (-64.0, -64.0) to (448.0, 416.0) extend outside viewBox (0, 0) to (15, 15)"
"fas-th.svg","VIEWBOX_MISMATCH","Path coordinates (-64.0, -64.0) to (416.0, 448.0) extend outside viewBox (0, 0) to (15, 15)"
"fas-thermometer-three-quarters.svg","VIEWBOX_MISMATCH","Path coordinates (-88.1, -144.0) to (447.5, 368.0) extend outside viewBox (0, 0) to (15, 15)"
"fas-ticket-alt.svg","VIEWBOX_MISMATCH","Path coordinates (-64.0, -64.0) to (541.5, 256.0) extend outside viewBox (0, 0) to (15, 15)"
"fas-tint-slash.svg","VIEWBOX_MISMATCH","Path coordinates (-298.3, -308.3) to (505.2, 592.0) extend outside viewBox (0, 0) to (15, 15)"
"fas-tint.svg","VIEWBOX_MISMATCH","Path coordinates (-35.8, -192.0) to (336.0, 512.0) extend outside viewBox (0, 0) to (15, 15)"
"fas-toilet.svg","VIEWBOX_MISMATCH","Path coordinates (-126.9, -26.4) to (384.0, 469.9) extend outside viewBox (0, 0) to (15, 15)"
"fas-tools.svg","VIEWBOX_MISMATCH","Path coordinates (-112.0, -130.5) to (512.0, 512.0) extend outside viewBox (0, 0) to (15, 15)"
"fas-tractor.svg","VIEWBOX_MISMATCH","Path coordinates (-160.0, -88.0) to (480.0, 528.0) extend outside viewBox (0, 0) to (15, 15)"
"fas-tram.svg","VIEWBOX_MISMATCH","Path coordinates (-203.1, -64.0) to (448.0, 416.0) extend outside viewBox (0, 0) to (15, 15)"
"fas-trash-restore.svg","VIEWBOX_MISMATCH","Path coordinates (-80.0, -80.0) to (467.0, 394.8) extend outside viewBox (0, 0) to (15, 15)"
"fas-triangle-exclamation.svg","VIEWBOX_MISMATCH","Path coordinates (-368.0, -34.7) to (486.3, 480.0) extend outside viewBox (0, 0) to (15, 15)"
"fas-trophy.svg","VIEWBOX_MISMATCH","Path coordinates (-190.6, -73.2) to (448.1, 576.0) extend outside viewBox (0, 0) to (15, 15)"
"fas-truck-fast.svg","VIEWBOX_MISMATCH","Path coordinates (-96.0, -96.0) to (544.0, 512.0) extend outside viewBox (0, 0) to (15, 15)"
"fas-truck-loading.svg","VIEWBOX_MISMATCH","Path coordinates (-109.3, -112.0) to (640.0, 576.0) extend outside viewBox (0, 0) to (15, 15)"
"fas-truck-monster.svg","VIEWBOX_MISMATCH","Path coordinates (-128.0, -128.0) to (528.0, 512.0) extend outside viewBox (0, 0) to (15, 15)"
"fas-tshirt.svg","VIEWBOX_MISMATCH","Path coordinates (-64.0, -66.8) to (428.2, 628.5) extend outside viewBox (0, 0) to (15, 15)"
"fas-umbrella-beach.svg","VIEWBOX_MISMATCH","Path coordinates (-208.5, -201.2) to (346.3, 544.0) extend outside viewBox (0, 0) to (15, 15)"
"fas-user-alt.svg","VIEWBOX_MISMATCH","Path coordinates (-94.7, 0.0) to (481.3, 512.0) extend outside viewBox (0, 0) to (15, 15)"
"fas-user-cog.svg","VIEWBOX_MISMATCH","Path coordinates (-96.1, -32.7) to (512.0, 467.8) extend outside viewBox (0, 0) to (15, 15)"
"fas-user-secret.svg","VIEWBOX_MISMATCH","Path coordinates (-71.7, -143.0) to (512.0, 418.3) extend outside viewBox (0, 0) to (15, 15)"
"fas-user-tie.svg","VIEWBOX_MISMATCH","Path coordinates (-156.4, -146.9) to (417.3, 483.1) extend outside viewBox (0, 0) to (15, 15)"
"fas-users.svg","VIEWBOX_MISMATCH","Path coordinates (-192.0, -96.0) to (512.0, 640.0) extend outside viewBox (0, 0) to (15, 15)"
"fas-vector-square.svg","VIEWBOX_MISMATCH","Path coordinates (-32.0, -32.0) to (400.0, 400.0) extend outside viewBox (0, 0) to (15, 15)"
"fas-vest.svg","VIEWBOX_MISMATCH","Path coordinates (-294.6, -61.7) to (492.2, 464.0) extend outside viewBox (0, 0) to (15, 15)"
"fas-vial.svg","VIEWBOX_MISMATCH","Path coordinates (-96.0, -96.0) to (448.0, 410.5) extend outside viewBox (0, 0) to (15, 15)"
"fas-video.svg","VIEWBOX_MISMATCH","Path coordinates (-64.0, -96.0) to (559.1, 416.0) extend outside viewBox (0, 0) to (15, 15)"
"fas-vihara.svg","VIEWBOX_MISMATCH","Path coordinates (-32.0, -46.7) to (640.0, 448.0) extend outside viewBox (0, 0) to (15, 15)"
"fas-volume-up.svg","VIEWBOX_MISMATCH","Path coordinates (-106.4, -186.3) to (640.0, 398.2) extend outside viewBox (0, 0) to (15, 15)"
"fas-vote-yea.svg","VIEWBOX_MISMATCH","Path coordinates (-111.0, -48.0) to (512.0, 416.0) extend outside viewBox (0, 0) to (15, 15)"
"fas-warehouse.svg","VIEWBOX_MISMATCH","Path coordinates (-96.0, -336.0) to (568.0, 599.8) extend outside viewBox (0, 0) to (15, 15)"
"fas-weight-hanging.svg","VIEWBOX_MISMATCH","Path coordinates (-96.0, -288.0) to (512.0, 464.0) extend outside viewBox (0, 0) to (15, 15)"
"fas-weight.svg","VIEWBOX_MISMATCH","Path coordinates (-256.0, -64.0) to (448.0, 448.0) extend outside viewBox (0, 0) to (15, 15)"
"fas-wifi.svg","VIEWBOX_MISMATCH","Path coordinates (-190.5, -128.0) to (549.7, 256.0) extend outside viewBox (0, 0) to (15, 15)"
"fas-wine-bottle.svg","VIEWBOX_MISMATCH","Path coordinates (-90.5, -97.4) to (393.4, 493.3) extend outside viewBox (0, 0) to (15, 15)"
"fas-yin-yang.svg","VIEWBOX_MISMATCH","Path coordinates (-96.0, -352.0) to (256.0, 512.0) extend outside viewBox (0, 0) to (15, 15)"
"fotoshi-atm.svg","VALID","No issues found"
"fotoshi-book_return.svg","VALID","No issues found"
"fotoshi-cave.svg","VALID","No issues found"
"fotoshi-mud.svg","VALID","No issues found"
"fotoshi-shipwreck.svg","VALID","No issues found"
"iD-boundary.svg","VIEWBOX_MISMATCH","Path coordinates (8.5, 8.5) to (51.5, 51.5) extend outside viewBox (0, 0) to (15, 15)"
"iD-highway-living-street.svg","VIEWBOX_MISMATCH","Path coordinates (7.0, 7.0) to (58.0, 36.0) extend outside viewBox (0, 0) to (15, 15)"
"iD-highway-motorway-link.svg","VIEWBOX_MISMATCH","Path coordinates (8.0, 14.0) to (51.0, 36.0) extend outside viewBox (0, 0) to (15, 15)"
"iD-highway-motorway.svg","VIEWBOX_MISMATCH","Path coordinates (8.0, 14.0) to (52.0, 36.0) extend outside viewBox (0, 0) to (15, 15)"
"iD-highway-primary-link.svg","VIEWBOX_MISMATCH","Path coordinates (11.0, 14.0) to (50.0, 36.0) extend outside viewBox (0, 0) to (15, 15)"
"iD-highway-primary.svg","VIEWBOX_MISMATCH","Path coordinates (13.0, 14.0) to (47.0, 36.0) extend outside viewBox (0, 0) to (15, 15)"
"iD-highway-residential.svg","VIEWBOX_MISMATCH","Path coordinates (7.0, 7.0) to (53.0, 36.0) extend outside viewBox (0, 0) to (15, 15)"
"iD-highway-secondary-link.svg","VIEWBOX_MISMATCH","Path coordinates (18.0, 14.0) to (44.0, 36.0) extend outside viewBox (0, 0) to (15, 15)"
"iD-highway-secondary.svg","VIEWBOX_MISMATCH","Path coordinates (18.0, 14.0) to (42.0, 36.0) extend outside viewBox (0, 0) to (15, 15)"
"iD-highway-service.svg","VIEWBOX_MISMATCH","Path coordinates (7.0, 15.0) to (53.0, 36.0) extend outside viewBox (0, 0) to (15, 15)"
"iD-highway-steps.svg","VIEWBOX_MISMATCH","Path coordinates (22.0, 14.0) to (38.0, 36.0) extend outside viewBox (0, 0) to (15, 15)"
"iD-highway-tertiary-link.svg","VIEWBOX_MISMATCH","Path coordinates (16.8, 14.0) to (44.0, 36.0) extend outside viewBox (0, 0) to (15, 15)"
"iD-highway-tertiary.svg","VIEWBOX_MISMATCH","Path coordinates (18.0, 14.0) to (42.0, 36.0) extend outside viewBox (0, 0) to (15, 15)"
"iD-highway-trunk-link.svg","VIEWBOX_MISMATCH","Path coordinates (11.0, 14.0) to (50.0, 36.0) extend outside viewBox (0, 0) to (15, 15)"
"iD-highway-trunk.svg","VIEWBOX_MISMATCH","Path coordinates (10.0, 14.0) to (50.0, 36.0) extend outside viewBox (0, 0) to (15, 15)"
"iD-highway-unclassified.svg","VIEWBOX_MISMATCH","Path coordinates (17.0, 15.0) to (43.0, 36.0) extend outside viewBox (0, 0) to (15, 15)"
"iD-icon-line.svg","VALID","No issues found"
"iD-icon-point.svg","VALID","No issues found"
"iD-multipolygon.svg","VIEWBOX_MISMATCH","Path coordinates (17.0, 17.0) to (42.0, 42.0) extend outside viewBox (0, 0) to (15, 15)"
"iD-other-line.svg","VIEWBOX_MISMATCH","Path coordinates (22.4, 14.0) to (38.4, 36.0) extend outside viewBox (0, 0) to (15, 15)"
"iD-pipeline-line.svg","VIEWBOX_MISMATCH","Path coordinates (14.0, 12.0) to (48.0, 36.0) extend outside viewBox (0, 0) to (15, 15)"
"iD-power-line.svg","VIEWBOX_MISMATCH","Path coordinates (14.0, 10.0) to (46.0, 36.0) extend outside viewBox (0, 0) to (15, 15)"
"iD-relation.svg","VIEWBOX_MISMATCH","Path coordinates (16.0, 16.0) to (44.0, 44.0) extend outside viewBox (0, 0) to (15, 15)"
"iD-restriction-no-left-turn.svg","VIEWBOX_MISMATCH","Path coordinates (10.0, 15.0) to (45.0, 45.0) extend outside viewBox (0, 0) to (15, 15)"
"iD-restriction-no-right-turn.svg","VIEWBOX_MISMATCH","Path coordinates (15.0, 15.0) to (49.0, 45.0) extend outside viewBox (0, 0) to (15, 15)"
"iD-restriction-no-straight-on.svg","VIEWBOX_MISMATCH","Path coordinates (15.0, 15.0) to (45.0, 45.0) extend outside viewBox (0, 0) to (15, 15)"
"iD-restriction-no-u-turn.svg","VIEWBOX_MISMATCH","Path coordinates (15.0, 15.0) to (49.0, 46.0) extend outside viewBox (0, 0) to (15, 15)"
"iD-restriction-only-left-turn.svg","VIEWBOX_MISMATCH","Path coordinates (14.0, 14.0) to (46.0, 46.0) extend outside viewBox (0, 0) to (15, 15)"
"iD-restriction-only-right-turn.svg","VIEWBOX_MISMATCH","Path coordinates (14.0, 14.0) to (46.0, 46.0) extend outside viewBox (0, 0) to (15, 15)"
"iD-restriction-only-straight-on.svg","VIEWBOX_MISMATCH","Path coordinates (14.0, 14.0) to (46.0, 46.0) extend outside viewBox (0, 0) to (15, 15)"
"iD-restriction-only-u-turn.svg","VIEWBOX_MISMATCH","Path coordinates (14.0, 14.0) to (46.0, 46.0) extend outside viewBox (0, 0) to (15, 15)"
"iD-restriction.svg","VIEWBOX_MISMATCH","Path coordinates (14.5, 14.5) to (45.5, 45.5) extend outside viewBox (0, 0) to (15, 15)"
"iD-route-detour.svg","VIEWBOX_MISMATCH","Path coordinates (15.0, 14.0) to (47.0, 33.0) extend outside viewBox (0, 0) to (15, 15)"
"iD-route-master.svg","VIEWBOX_MISMATCH","Path coordinates (10.0, 9.0) to (50.0, 50.0) extend outside viewBox (0, 0) to (15, 15)"
"iD-route.svg","VIEWBOX_MISMATCH","Path coordinates (10.0, 24.0) to (50.0, 37.0) extend outside viewBox (0, 0) to (15, 15)"
"iD-waterway-canal.svg","VIEWBOX_MISMATCH","Path coordinates (16.2, 14.0) to (43.8, 36.0) extend outside viewBox (0, 0) to (15, 15)"
"iD-waterway-ditch.svg","VIEWBOX_MISMATCH","Path coordinates (21.8, 14.0) to (38.8, 36.0) extend outside viewBox (0, 0) to (15, 15)"
"iD-waterway-river.svg","VIEWBOX_MISMATCH","Path coordinates (15.8, 14.0) to (47.4, 36.0) extend outside viewBox (0, 0) to (15, 15)"
"iD-waterway-stream.svg","VIEWBOX_MISMATCH","Path coordinates (21.8, 14.0) to (41.4, 36.0) extend outside viewBox (0, 0) to (15, 15)"
"maki-aerialway.svg","VALID","No issues found"
"maki-airfield.svg","VALID","No issues found"
"maki-airport.svg","VIEWBOX_MISMATCH","Path coordinates (-6.5, -3.5) to (15.0, 15.0) extend outside viewBox (0, 0) to (15, 15)"
"maki-alcohol-shop.svg","VALID","No issues found"
"maki-american-football.svg","VALID","No issues found"
"maki-amusement-park.svg","VALID","No issues found"
"maki-animal-shelter.svg","VALID","No issues found"
"maki-aquarium.svg","VALID","No issues found"
"maki-arrow.svg","VALID","No issues found"
"maki-art-gallery.svg","VIEWBOX_MISMATCH","Path coordinates (-8.0, -11.0) to (12.0, 11.0) extend outside viewBox (0, 0) to (15, 15)"
"maki-attraction.svg","VALID","No issues found"
"maki-bakery.svg","VIEWBOX_MISMATCH","Path coordinates (-5.1, -2.0) to (15.0, 13.0) extend outside viewBox (0, 0) to (15, 15)"
"maki-bank-JP.svg","VALID","No issues found"
"maki-bank.svg","VALID","No issues found"
"maki-bar.svg","VIEWBOX_MISMATCH","Path coordinates (-7.0, -8.0) to (8.0, 14.5) extend outside viewBox (0, 0) to (15, 15)"
"maki-barrier.svg","VIEWBOX_MISMATCH","Path coordinates (-11.0, -6.0) to (13.0, 7.0) extend outside viewBox (0, 0) to (15, 15)"
"maki-baseball.svg","VIEWBOX_MISMATCH","Path coordinates (-5.0, -7.8) to (9.0, 13.9) extend outside viewBox (0, 0) to (15, 15)"
"maki-basketball.svg","VALID","No issues found"
"maki-bbq.svg","VALID","No issues found"
"maki-beach.svg","VIEWBOX_MISMATCH","Path coordinates (-7.0, -4.3) to (13.0, 13.0) extend outside viewBox (0, 0) to (15, 15)"
"maki-beer.svg","VALID","No issues found"
"maki-bicycle-share.svg","VALID","No issues found"
"maki-bicycle.svg","VALID","No issues found"
"maki-blood-bank.svg","VIEWBOX_MISMATCH","Path coordinates (-3.7, -5.1) to (11.2, 6.1) extend outside viewBox (0, 0) to (15, 15)"
"maki-bowling-alley.svg","VALID","No issues found"
"maki-bridge.svg","VIEWBOX_MISMATCH","Path coordinates (-5.8, -15.0) to (8.5, 9.5) extend outside viewBox (0, 0) to (15, 15)"
"maki-building-alt1.svg","VIEWBOX_MISMATCH","Path coordinates (-9.0, -0.5) to (13.5, 14.0) extend outside viewBox (0, 0) to (15, 15)"
"maki-building.svg","VALID","No issues found"
"maki-bus.svg","VALID","No issues found"
"maki-cafe.svg","VIEWBOX_MISMATCH","Path coordinates (-7.0, 0.0) to (13.0, 13.1) extend outside viewBox (0, 0) to (15, 15)"
"maki-campsite.svg","VALID","No issues found"
"maki-car-rental.svg","VALID","No issues found"
"maki-car-repair.svg","VALID","No issues found"
"maki-car.svg","VIEWBOX_MISMATCH","Path coordinates (-0.5, -8.0) to (13.8, 11.0) extend outside viewBox (0, 0) to (15, 15)"
"maki-casino.svg","VIEWBOX_MISMATCH","Path coordinates (-5.0, -6.0) to (14.0, 11.0) extend outside viewBox (0, 0) to (15, 15)"
"maki-castle-JP.svg","VALID","No issues found"
"maki-castle.svg","VIEWBOX_MISMATCH","Path coordinates (-12.0, -7.0) to (15.0, 14.5) extend outside viewBox (0, 0) to (15, 15)"
"maki-caution.svg","VALID","No issues found"
"maki-cemetery-JP.svg","VALID","No issues found"
"maki-cemetery.svg","VIEWBOX_MISMATCH","Path coordinates (-2.8, -6.0) to (14.0, 12.5) extend outside viewBox (0, 0) to (15, 15)"
"maki-charging-station.svg","VALID","No issues found"
"maki-cinema.svg","VIEWBOX_MISMATCH","Path coordinates (-4.0, -8.0) to (14.0, 13.0) extend outside viewBox (0, 0) to (15, 15)"
"maki-circle-stroked.svg","VALID","No issues found"
"maki-circle.svg","VIEWBOX_MISMATCH","Path coordinates (-6.5, 1.0) to (14.0, 11.1) extend outside viewBox (0, 0) to (15, 15)"
"maki-city.svg","VALID","No issues found"
"maki-clothing-store.svg","VALID","No issues found"
"maki-college-JP.svg","VALID","No issues found"
"maki-college.svg","VALID","No issues found"
"maki-commercial.svg","VIEWBOX_MISMATCH","Path coordinates (-13.0, -5.0) to (14.0, 11.0) extend outside viewBox (0, 0) to (15, 15)"
"maki-communications-tower.svg","VIEWBOX_MISMATCH","Path coordinates (-4.9, -11.0) to (14.0, 12.1) extend outside viewBox (0, 0) to (15, 15)"
"maki-confectionery.svg","VALID","No issues found"
"maki-construction.svg","VALID","No issues found"
"maki-convenience.svg","VIEWBOX_MISMATCH","Path coordinates (-7.0, -2.6) to (14.0, 12.1) extend outside viewBox (0, 0) to (15, 15)"
"maki-cricket.svg","VALID","No issues found"
"maki-cross.svg","VALID","No issues found"
"maki-dam.svg","VIEWBOX_MISMATCH","Path coordinates (-4.0, -12.0) to (14.0, 14.0) extend outside viewBox (0, 0) to (15, 15)"
"maki-danger.svg","VALID","No issues found"
"maki-defibrillator.svg","VIEWBOX_MISMATCH","Path coordinates (-3.0, -7.7) to (9.5, 7.3) extend outside viewBox (0, 0) to (15, 15)"
"maki-dentist.svg","VALID","No issues found"
"maki-diamond.svg","VALID","No issues found"
"maki-doctor.svg","VALID","No issues found"
"maki-dog-park.svg","VALID","No issues found"
"maki-drinking-water.svg","VALID","No issues found"
"maki-elevator.svg","VIEWBOX_MISMATCH","Path coordinates (-6.0, -4.0) to (13.0, 12.5) extend outside viewBox (0, 0) to (15, 15)"
"maki-embassy.svg","VALID","No issues found"
"maki-emergency-phone.svg","VALID","No issues found"
"maki-entrance-alt1.svg","VALID","No issues found"
"maki-entrance.svg","VIEWBOX_MISMATCH","Path coordinates (-5.4, -5.4) to (9.0, 6.5) extend outside viewBox (0, 0) to (15, 15)"
"maki-farm.svg","VIEWBOX_MISMATCH","Path coordinates (-4.0, -9.5) to (8.0, 6.0) extend outside viewBox (0, 0) to (15, 15)"
"maki-fast-food.svg","VALID","No issues found"
"maki-fence.svg","VIEWBOX_MISMATCH","Path coordinates (-10.5, -3.0) to (13.5, 9.0) extend outside viewBox (0, 0) to (15, 15)"
"maki-ferry-JP.svg","VALID","No issues found"
"maki-ferry.svg","VALID","No issues found"
"maki-fire-station-JP.svg","VALID","No issues found"
"maki-fire-station.svg","VALID","No issues found"
"maki-fitness-centre.svg","VALID","No issues found"
"maki-florist.svg","VALID","No issues found"
"maki-fuel.svg","VIEWBOX_MISMATCH","Path coordinates (-6.5, -6.0) to (14.0, 11.0) extend outside viewBox (0, 0) to (15, 15)"
"maki-furniture.svg","VIEWBOX_MISMATCH","Path coordinates (-5.4, -5.0) to (8.7, 10.1) extend outside viewBox (0, 0) to (15, 15)"
"maki-gaming.svg","VIEWBOX_MISMATCH","Path coordinates (-7.1, -5.0) to (13.1, 11.5) extend outside viewBox (0, 0) to (15, 15)"
"maki-garden-centre.svg","VALID","No issues found"
"maki-garden.svg","VIEWBOX_MISMATCH","Path coordinates (-5.5, 0.0) to (13.0, 12.0) extend outside viewBox (0, 0) to (15, 15)"
"maki-gate.svg","VIEWBOX_MISMATCH","Path coordinates (-9.5, -9.5) to (12.0, 12.0) extend outside viewBox (0, 0) to (15, 15)"
"maki-gift.svg","VALID","No issues found"
"maki-globe.svg","VALID","No issues found"
"maki-golf.svg","VALID","No issues found"
"maki-grocery.svg","VALID","No issues found"
"maki-hairdresser.svg","VALID","No issues found"
"maki-harbor.svg","VALID","No issues found"
"maki-hardware.svg","VIEWBOX_MISMATCH","Path coordinates (-3.5, -5.6) to (13.9, 11.4) extend outside viewBox (0, 0) to (15, 15)"
"maki-heart.svg","VIEWBOX_MISMATCH","Path coordinates (-6.1, -8.3) to (13.9, 7.8) extend outside viewBox (0, 0) to (15, 15)"
"maki-heliport.svg","VALID","No issues found"
"maki-highway-rest-area.svg","VALID","No issues found"
"maki-historic.svg","VIEWBOX_MISMATCH","Path coordinates (-7.0, -4.0) to (7.5, 9.0) extend outside viewBox (0, 0) to (15, 15)"
"maki-home.svg","VALID","No issues found"
"maki-horse-riding.svg","VALID","No issues found"
"maki-hospital-JP.svg","VIEWBOX_MISMATCH","Path coordinates (-10.0, -2.8) to (12.5, 5.6) extend outside viewBox (0, 0) to (15, 15)"
"maki-hospital.svg","VALID","No issues found"
"maki-hot-spring.svg","VIEWBOX_MISMATCH","Path coordinates (-8.0, -3.0) to (11.0, 5.8) extend outside viewBox (0, 0) to (15, 15)"
"maki-ice-cream.svg","VALID","No issues found"
"maki-industry.svg","VALID","No issues found"
"maki-information.svg","VALID","No issues found"
"maki-jewelry-store.svg","VALID","No issues found"
"maki-karaoke.svg","VIEWBOX_MISMATCH","Path coordinates (-7.4, -2.1) to (12.1, 10.4) extend outside viewBox (0, 0) to (15, 15)"
"maki-landmark-JP.svg","VIEWBOX_MISMATCH","Path coordinates (-6.0, -1.4) to (9.5, 4.0) extend outside viewBox (0, 0) to (15, 15)"
"maki-landmark.svg","VALID","No issues found"
"maki-landuse.svg","VIEWBOX_MISMATCH","Path coordinates (-4.0, -6.5) to (8.9, 6.5) extend outside viewBox (0, 0) to (15, 15)"
"maki-laundry.svg","VALID","No issues found"
"maki-library.svg","VIEWBOX_MISMATCH","Path coordinates (-5.9, -5.9) to (14.0, 13.7) extend outside viewBox (0, 0) to (15, 15)"
"maki-lift-gate.svg","VALID","No issues found"
"maki-lighthouse-JP.svg","VALID","No issues found"
"maki-lighthouse.svg","VIEWBOX_MISMATCH","Path coordinates (-3.0, -7.0) to (15.0, 15.0) extend outside viewBox (0, 0) to (15, 15)"
"maki-lodging.svg","VALID","No issues found"
"maki-logging.svg","VALID","No issues found"
"maki-marker-stroked.svg","VALID","No issues found"
"maki-marker.svg","VALID","No issues found"
"maki-mobile-phone.svg","VALID","No issues found"
"maki-monument-JP.svg","VALID","No issues found"
"maki-monument.svg","VIEWBOX_MISMATCH","Path coordinates (-7.0, -6.0) to (15.0, 11.5) extend outside viewBox (0, 0) to (15, 15)"
"maki-mountain.svg","VIEWBOX_MISMATCH","Path coordinates (-9.5, -5.7) to (11.6, 9.5) extend outside viewBox (0, 0) to (15, 15)"
"maki-museum.svg","VALID","No issues found"
"maki-music.svg","VIEWBOX_MISMATCH","Path coordinates (-8.8, -9.0) to (12.5, 8.0) extend outside viewBox (0, 0) to (15, 15)"
"maki-natural.svg","VALID","No issues found"
"maki-nightclub.svg","VALID","No issues found"
"maki-observation-tower.svg","VALID","No issues found"
"maki-optician.svg","VALID","No issues found"
"maki-paint.svg","VIEWBOX_MISMATCH","Path coordinates (-10.5, -4.0) to (13.5, 6.1) extend outside viewBox (0, 0) to (15, 15)"
"maki-park-alt1.svg","VALID","No issues found"
"maki-park.svg","VALID","No issues found"
"maki-parking-garage.svg","VIEWBOX_MISMATCH","Path coordinates (-6.7, -1.0) to (14.4, 14.0) extend outside viewBox (0, 0) to (15, 15)"
"maki-parking-paid.svg","VIEWBOX_MISMATCH","Path coordinates (-5.2, -6.0) to (13.0, 13.0) extend outside viewBox (0, 0) to (15, 15)"
"maki-parking.svg","VALID","No issues found"
"maki-pharmacy.svg","VALID","No issues found"
"maki-picnic-site.svg","VALID","No issues found"
"maki-pitch.svg","VALID","No issues found"
"maki-place-of-worship.svg","VALID","No issues found"
"maki-playground.svg","VIEWBOX_MISMATCH","Path coordinates (-5.5, -7.2) to (11.0, 11.2) extend outside viewBox (0, 0) to (15, 15)"
"maki-police-JP.svg","VALID","No issues found"
"maki-police.svg","VIEWBOX_MISMATCH","Path coordinates (-6.9, 0.0) to (14.0, 12.0) extend outside viewBox (0, 0) to (15, 15)"
"maki-post-JP.svg","VIEWBOX_MISMATCH","Path coordinates (-10.0, -10.0) to (11.0, 4.0) extend outside viewBox (0, 0) to (15, 15)"
"maki-post.svg","VALID","No issues found"
"maki-prison.svg","VALID","No issues found"
"maki-racetrack-boat.svg","VIEWBOX_MISMATCH","Path coordinates (-7.0, -7.6) to (10.1, 11.2) extend outside viewBox (0, 0) to (15, 15)"
"maki-racetrack-cycling.svg","VIEWBOX_MISMATCH","Path coordinates (-8.0, -8.0) to (14.0, 15.0) extend outside viewBox (0, 0) to (15, 15)"
"maki-racetrack-horse.svg","VALID","No issues found"
"maki-racetrack.svg","VALID","No issues found"
"maki-rail-light.svg","VALID","No issues found"
"maki-rail-metro.svg","VALID","No issues found"
"maki-rail.svg","VALID","No issues found"
"maki-ranger-station.svg","VALID","No issues found"
"maki-recycling.svg","VALID","No issues found"
"maki-religious-buddhist.svg","VALID","No issues found"
"maki-religious-christian.svg","VALID","No issues found"
"maki-religious-jewish.svg","VALID","No issues found"
"maki-religious-muslim.svg","VALID","No issues found"
"maki-religious-shinto.svg","VALID","No issues found"
"maki-residential-community.svg","VIEWBOX_MISMATCH","Path coordinates (-5.8, -11.5) to (13.0, 12.5) extend outside viewBox (0, 0) to (15, 15)"
"maki-restaurant-bbq.svg","VIEWBOX_MISMATCH","Path coordinates (-6.5, -1.1) to (15.0, 12.5) extend outside viewBox (0, 0) to (15, 15)"
"maki-restaurant-noodle.svg","VIEWBOX_MISMATCH","Path coordinates (-7.5, -3.5) to (10.0, 14.0) extend outside viewBox (0, 0) to (15, 15)"
"maki-restaurant-pizza.svg","VIEWBOX_MISMATCH","Path coordinates (-6.9, -0.3) to (14.1, 14.1) extend outside viewBox (0, 0) to (15, 15)"
"maki-restaurant-seafood.svg","VALID","No issues found"
"maki-restaurant-sushi.svg","VALID","No issues found"
"maki-restaurant.svg","VALID","No issues found"
"maki-road-accident.svg","VIEWBOX_MISMATCH","Path coordinates (-0.9, -8.0) to (14.5, 14.0) extend outside viewBox (0, 0) to (15, 15)"
"maki-roadblock.svg","VALID","No issues found"
"maki-rocket.svg","VIEWBOX_MISMATCH","Path coordinates (-7.0, -7.0) to (11.6, 4.0) extend outside viewBox (0, 0) to (15, 15)"
"maki-school-JP.svg","VALID","No issues found"
"maki-school.svg","VIEWBOX_MISMATCH","Path coordinates (-6.7, -3.5) to (8.0, 10.0) extend outside viewBox (0, 0) to (15, 15)"
"maki-scooter.svg","VIEWBOX_MISMATCH","Path coordinates (-6.0, -2.8) to (13.6, 14.0) extend outside viewBox (0, 0) to (15, 15)"
"maki-shelter.svg","VALID","No issues found"
"maki-shoe.svg","VALID","No issues found"
"maki-shop.svg","VIEWBOX_MISMATCH","Path coordinates (-8.8, -6.3) to (13.3, 6.0) extend outside viewBox (0, 0) to (15, 15)"
"maki-skateboard.svg","VALID","No issues found"
"maki-skiing.svg","VALID","No issues found"
"maki-slaughterhouse.svg","VALID","No issues found"
"maki-slipway.svg","VALID","No issues found"
"maki-snowmobile.svg","VIEWBOX_MISMATCH","Path coordinates (-1.4, -9.5) to (15.0, 15.0) extend outside viewBox (0, 0) to (15, 15)"
"maki-soccer.svg","VIEWBOX_MISMATCH","Path coordinates (-9.4, -1.9) to (14.5, 13.0) extend outside viewBox (0, 0) to (15, 15)"
"maki-square-stroked.svg","VALID","No issues found"
"maki-square.svg","VALID","No issues found"
"maki-stadium.svg","VALID","No issues found"
"maki-star-stroked.svg","VIEWBOX_MISMATCH","Path coordinates (-6.0, -5.0) to (7.5, 5.0) extend outside viewBox (0, 0) to (15, 15)"
"maki-star.svg","VIEWBOX_MISMATCH","Path coordinates (-6.0, -5.0) to (7.5, 5.0) extend outside viewBox (0, 0) to (15, 15)"
"maki-suitcase.svg","VALID","No issues found"
"maki-swimming.svg","VALID","No issues found"
"maki-table-tennis.svg","VIEWBOX_MISMATCH","Path coordinates (-7.0, -1.9) to (14.2, 11.4) extend outside viewBox (0, 0) to (15, 15)"
"maki-teahouse.svg","VALID","No issues found"
"maki-telephone.svg","VIEWBOX_MISMATCH","Path coordinates (-0.7, -7.3) to (13.6, 13.6) extend outside viewBox (0, 0) to (15, 15)"
"maki-tennis.svg","VIEWBOX_MISMATCH","Path coordinates (-6.3, -4.6) to (14.6, 12.5) extend outside viewBox (0, 0) to (15, 15)"
"maki-terminal.svg","VALID","No issues found"
"maki-theatre.svg","VALID","No issues found"
"maki-toilet.svg","VIEWBOX_MISMATCH","Path coordinates (-4.0, -3.0) to (345.0, 345.0) extend outside viewBox (0, 0) to (15, 15)"
"maki-toll.svg","VALID","No issues found"
"maki-town-hall.svg","VALID","No issues found"
"maki-town.svg","VIEWBOX_MISMATCH","Path coordinates (-9.2, -6.3) to (10.7, 8.2) extend outside viewBox (0, 0) to (15, 15)"
"maki-triangle-stroked.svg","VIEWBOX_MISMATCH","Path coordinates (-9.9, -8.3) to (11.0, 9.9) extend outside viewBox (0, 0) to (15, 15)"
"maki-triangle.svg","VIEWBOX_MISMATCH","Path coordinates (-9.5, -5.8) to (11.6, 9.5) extend outside viewBox (0, 0) to (15, 15)"
"maki-tunnel.svg","VALID","No issues found"
"maki-veterinary.svg","VIEWBOX_MISMATCH","Path coordinates (-7.8, -3.0) to (12.9, 9.1) extend outside viewBox (0, 0) to (15, 15)"
"maki-viewpoint.svg","VIEWBOX_MISMATCH","Path coordinates (-3.5, -5.3) to (12.5, 10.0) extend outside viewBox (0, 0) to (15, 15)"
"maki-village.svg","VIEWBOX_MISMATCH","Path coordinates (-1.8, -7.4) to (12.8, 11.0) extend outside viewBox (0, 0) to (15, 15)"
"maki-volcano.svg","VALID","No issues found"
"maki-volleyball.svg","VIEWBOX_MISMATCH","Path coordinates (-2.6, -5.2) to (13.9, 12.7) extend outside viewBox (0, 0) to (15, 15)"
"maki-warehouse.svg","VALID","No issues found"
"maki-waste-basket.svg","VIEWBOX_MISMATCH","Path coordinates (-10.0, -1.3) to (13.0, 9.0) extend outside viewBox (0, 0) to (15, 15)"
"maki-watch.svg","VALID","No issues found"
"maki-water.svg","VALID","No issues found"
"maki-waterfall.svg","VALID","No issues found"
"maki-watermill.svg","VALID","No issues found"
"maki-wetland.svg","VALID","No issues found"
"maki-wheelchair.svg","VALID","No issues found"
"maki-windmill.svg","VALID","No issues found"
"maki-zoo.svg","VALID","No issues found"
"roentgen-needleleaved_tree.svg","VALID","No issues found"
"roentgen-pole_dancer.svg","VALID","No issues found"
"temaki-abseiling.svg","VIEWBOX_MISMATCH","Path coordinates (-23.6, -16.6) to (35.0, 37.6) extend outside viewBox (0, 0) to (15, 15)"
"temaki-accessible_space.svg","VALID","No issues found"
"temaki-accounting.svg","VIEWBOX_MISMATCH","Path coordinates (-32.0, -40.0) to (41.0, 40.0) extend outside viewBox (0, 0) to (15, 15)"
"temaki-adit_profile.svg","VALID","No issues found"
"temaki-aerialway_pole.svg","VALID","No issues found"
"temaki-airport.svg","VALID","No issues found"
"temaki-amusement_park.svg","VIEWBOX_MISMATCH","Path coordinates (-20.9, -22.3) to (45.7, 28.1) extend outside viewBox (0, 0) to (15, 15)"
"temaki-anchor_medal.svg","VALID","No issues found"
"temaki-antenna.svg","VALID","No issues found"
"temaki-anvil.svg","VALID","No issues found"
"temaki-anvil_and_hammer.svg","VALID","No issues found"
"temaki-app_terminal.svg","VALID","No issues found"
"temaki-archery.svg","VIEWBOX_MISMATCH","Path coordinates (-16.3, -17.0) to (19.0, 16.0) extend outside viewBox (0, 0) to (15, 15)"
"temaki-army_tent.svg","VALID","No issues found"
"temaki-asterisk.svg","VALID","No issues found"
"temaki-atm.svg","VIEWBOX_MISMATCH","Path coordinates (-22.3, -20.1) to (41.4, 37.1) extend outside viewBox (0, 0) to (15, 15)"
"temaki-atm2.svg","VIEWBOX_MISMATCH","Path coordinates (-9.0, -7.0) to (14.0, 15.0) extend outside viewBox (0, 0) to (15, 15)"
"temaki-balance_beam.svg","VALID","No issues found"
"temaki-balloon.svg","VALID","No issues found"
"temaki-barn.svg","VALID","No issues found"
"temaki-beach.svg","VALID","No issues found"
"temaki-beauty_salon.svg","VALID","No issues found"
"temaki-bench.svg","VALID","No issues found"
"temaki-benchmark_disk.svg","VALID","No issues found"
"temaki-bicycle_box.svg","VALID","No issues found"
"temaki-bicycle_locker.svg","VALID","No issues found"
"temaki-bicycle_parked.svg","VALID","No issues found"
"temaki-bicycle_rental.svg","VALID","No issues found"
"temaki-bicycle_repair.svg","VALID","No issues found"
"temaki-bicycle_shed.svg","VALID","No issues found"
"temaki-bicycle_structure.svg","VALID","No issues found"
"temaki-bicycle_wash.svg","VALID","No issues found"
"temaki-bikini.svg","VALID","No issues found"
"temaki-billboard.svg","VALID","No issues found"
"temaki-binoculars.svg","VALID","No issues found"
"temaki-bleachers.svg","VALID","No issues found"
"temaki-blind.svg","VIEWBOX_MISMATCH","Path coordinates (-18.0, -19.4) to (22.1, 20.6) extend outside viewBox (0, 0) to (15, 15)"
"temaki-board_bus.svg","VALID","No issues found"
"temaki-board_ferry.svg","VALID","No issues found"
"temaki-board_gondola_lift.svg","VALID","No issues found"
"temaki-board_hanging_rail.svg","VALID","No issues found"
"temaki-board_heavy_rail.svg","VALID","No issues found"
"temaki-board_light_rail.svg","VALID","No issues found"
"temaki-board_monorail.svg","VALID","No issues found"
"temaki-board_school_bus.svg","VALID","No issues found"
"temaki-board_subway.svg","VALID","No issues found"
"temaki-board_train.svg","VALID","No issues found"
"temaki-board_train_bullet.svg","VALID","No issues found"
"temaki-board_train_diesel.svg","VALID","No issues found"
"temaki-board_train_kids.svg","VALID","No issues found"
"temaki-board_train_steam.svg","VALID","No issues found"
"temaki-board_tram.svg","VALID","No issues found"
"temaki-board_transit.svg","VALID","No issues found"
"temaki-board_trolleybus.svg","VALID","No issues found"
"temaki-boat.svg","VALID","No issues found"
"temaki-boat_dry_dock.svg","VALID","No issues found"
"temaki-boat_floating.svg","VALID","No issues found"
"temaki-boat_ramp.svg","VIEWBOX_MISMATCH","Path coordinates (-29.1, -11.0) to (34.0, 27.3) extend outside viewBox (0, 0) to (15, 15)"
"temaki-boat_rental.svg","VALID","No issues found"
"temaki-boat_repair.svg","VALID","No issues found"
"temaki-boat_tour.svg","VIEWBOX_MISMATCH","Path coordinates (-48.0, -33.3) to (48.0, 41.0) extend outside viewBox (0, 0) to (15, 15)"
"temaki-boating.svg","VIEWBOX_MISMATCH","Path coordinates (-35.2, -18.3) to (50.0, 40.0) extend outside viewBox (0, 0) to (15, 15)"
"temaki-bollard.svg","VALID","No issues found"
"temaki-bollard_row.svg","VALID","No issues found"
"temaki-book_store.svg","VALID","No issues found"
"temaki-bottles.svg","VALID","No issues found"
"temaki-boulder1.svg","VALID","No issues found"
"temaki-boulder2.svg","VALID","No issues found"
"temaki-boulder3.svg","VALID","No issues found"
"temaki-bow_and_arrow.svg","VALID","No issues found"
"temaki-bowling.svg","VALID","No issues found"
"temaki-bowling_alt1.svg","VIEWBOX_MISMATCH","Path coordinates (-22.4, -10.1) to (31.6, 30.2) extend outside viewBox (0, 0) to (15, 15)"
"temaki-bread.svg","VALID","No issues found"
"temaki-brick_trowel.svg","VALID","No issues found"
"temaki-bridge.svg","VALID","No issues found"
"temaki-briefcase.svg","VALID","No issues found"
"temaki-briefcase_asterisk.svg","VALID","No issues found"
"temaki-briefcase_bolt.svg","VALID","No issues found"
"temaki-briefcase_cross.svg","VALID","No issues found"
"temaki-briefcase_info.svg","VALID","No issues found"
"temaki-briefcase_shield.svg","VALID","No issues found"
"temaki-bubble_tea.svg","VALID","No issues found"
"temaki-buffer_stop.svg","VALID","No issues found"
"temaki-bulb.svg","VALID","No issues found"
"temaki-bulb2.svg","VALID","No issues found"
"temaki-bulb3.svg","VALID","No issues found"
"temaki-bulldozer.svg","VALID","No issues found"
"temaki-bulletin_board.svg","VALID","No issues found"
"temaki-bunk_beds.svg","VALID","No issues found"
"temaki-bunker.svg","VALID","No issues found"
"temaki-bunker_silo.svg","VALID","No issues found"
"temaki-buoy.svg","VALID","No issues found"
"temaki-bus.svg","VALID","No issues found"
"temaki-bus_guided.svg","VALID","No issues found"
"temaki-cabin.svg","VALID","No issues found"
"temaki-cable.svg","VALID","No issues found"
"temaki-cable_device.svg","VALID","No issues found"
"temaki-cable_manhole.svg","VALID","No issues found"
"temaki-cable_meter.svg","VALID","No issues found"
"temaki-cable_shutoff.svg","VALID","No issues found"
"temaki-cairn.svg","VALID","No issues found"
"temaki-camper_trailer.svg","VALID","No issues found"
"temaki-camper_trailer_dump.svg","VALID","No issues found"
"temaki-campfire.svg","VALID","No issues found"
"temaki-can.svg","VALID","No issues found"
"temaki-canoe.svg","VIEWBOX_MISMATCH","Path coordinates (-18.5, -8.1) to (17.4, 48.0) extend outside viewBox (0, 0) to (15, 15)"
"temaki-cape_landform.svg","VALID","No issues found"
"temaki-capitol.svg","VALID","No issues found"
"temaki-car_dealer.svg","VIEWBOX_MISMATCH","Path coordinates (-31.5, -24.0) to (47.8, 12.1) extend outside viewBox (0, 0) to (50, 50)"
"temaki-car_parked.svg","VALID","No issues found"
"temaki-car_pool.svg","VALID","No issues found"
"temaki-car_structure.svg","VALID","No issues found"
"temaki-car_wash.svg","VIEWBOX_MISMATCH","Path coordinates (-43.0, -36.0) to (43.0, 36.0) extend outside viewBox (0, 0) to (15, 15)"
"temaki-carport.svg","VALID","No issues found"
"temaki-casino.svg","VALID","No issues found"
"temaki-catering.svg","VALID","No issues found"
"temaki-cattle_grid.svg","VALID","No issues found"
"temaki-chairlift.svg","VIEWBOX_MISMATCH","Path coordinates (-35.0, -20.5) to (42.6, 37.2) extend outside viewBox (0, 0) to (15, 15)"
"temaki-checkpoint.svg","VALID","No issues found"
"temaki-chefs_knife.svg","VALID","No issues found"
"temaki-chicane_arrow.svg","VALID","No issues found"
"temaki-chimney.svg","VALID","No issues found"
"temaki-chocolate.svg","VALID","No issues found"
"temaki-cleaver.svg","VALID","No issues found"
"temaki-cliff_falling_rocks.svg","VALID","No issues found"
"temaki-climbing.svg","VIEWBOX_MISMATCH","Path coordinates (-43.1, -9.9) to (32.1, 21.6) extend outside viewBox (0, 0) to (15, 15)"
"temaki-clock.svg","VALID","No issues found"
"temaki-cloth.svg","VIEWBOX_MISMATCH","Path coordinates (-53.8, -8.8) to (94.7, 99.7) extend outside viewBox (0, 0) to (15, 15)"
"temaki-clothes_hanger.svg","VALID","No issues found"
"temaki-coffee.svg","VALID","No issues found"
"temaki-compass.svg","VIEWBOX_MISMATCH","Path coordinates (-24.0, -44.0) to (25.0, 49.0) extend outside viewBox (0, 0) to (15, 15)"
"temaki-conveyor.svg","VALID","No issues found"
"temaki-cooling_tower.svg","VALID","No issues found"
"temaki-cooling_tower_radiation.svg","VALID","No issues found"
"temaki-coral_reef.svg","VALID","No issues found"
"temaki-courthouse.svg","VIEWBOX_MISMATCH","Path coordinates (-25.8, -18.1) to (20.4, 24.5) extend outside viewBox (0, 0) to (15, 15)"
"temaki-crane.svg","VALID","No issues found"
"temaki-cross_country_skiing.svg","VIEWBOX_MISMATCH","Path coordinates (-29.1, -23.2) to (45.8, 46.6) extend outside viewBox (0, 0) to (15, 15)"
"temaki-crossing_markings-dashes.svg","VALID","No issues found"
"temaki-crossing_markings-dots.svg","VALID","No issues found"
"temaki-crossing_markings-ladder.svg","VALID","No issues found"
"temaki-crossing_markings-ladder_paired.svg","VALID","No issues found"
"temaki-crossing_markings-ladder_skewed.svg","VALID","No issues found"
"temaki-crossing_markings-lines.svg","VALID","No issues found"
"temaki-crossing_markings-lines_paired.svg","VALID","No issues found"
"temaki-crossing_markings-surface.svg","VALID","No issues found"
"temaki-crossing_markings-zebra.svg","VALID","No issues found"
"temaki-crossing_markings-zebra_bicolour.svg","VALID","No issues found"
"temaki-crossing_markings-zebra_double.svg","VALID","No issues found"
"temaki-crossing_markings-zebra_paired.svg","VALID","No issues found"
"temaki-crossing_rail_rail.svg","VALID","No issues found"
"temaki-crossing_rail_road.svg","VALID","No issues found"
"temaki-crossing_rail_solid.svg","VALID","No issues found"
"temaki-crossing_rail_striped.svg","VALID","No issues found"
"temaki-crossing_tram_road.svg","VALID","No issues found"
"temaki-crossing_tram_solid.svg","VALID","No issues found"
"temaki-crossing_tram_striped.svg","VALID","No issues found"
"temaki-curtains.svg","VALID","No issues found"
"temaki-cycle_barrier.svg","VALID","No issues found"
"temaki-cyclist_crosswalk.svg","VALID","No issues found"
"temaki-dagger.svg","VALID","No issues found"
"temaki-desk_lamp.svg","VALID","No issues found"
"temaki-detergent_bottle.svg","VALID","No issues found"
"temaki-diamond.svg","VALID","No issues found"
"temaki-dice.svg","VALID","No issues found"
"temaki-disc_golf_basket.svg","VALID","No issues found"
"temaki-diving.svg","VIEWBOX_MISMATCH","Path coordinates (-31.6, -19.9) to (47.0, 48.0) extend outside viewBox (0, 0) to (15, 15)"
"temaki-dog_shelter.svg","VALID","No issues found"
"temaki-domed_tower.svg","VALID","No issues found"
"temaki-donut.svg","VALID","No issues found"
"temaki-drag_lift.svg","VALID","No issues found"
"temaki-dress.svg","VALID","No issues found"
"temaki-drink_cup.svg","VALID","No issues found"
"temaki-ear.svg","VALID","No issues found"
"temaki-egg.svg","VALID","No issues found"
"temaki-electronic.svg","VALID","No issues found"
"temaki-elevator.svg","VALID","No issues found"
"temaki-embassy.svg","VALID","No issues found"
"temaki-fashion_accessories.svg","VALID","No issues found"
"temaki-ferry.svg","VALID","No issues found"
"temaki-field_hockey.svg","VALID","No issues found"
"temaki-fighter_jet.svg","VIEWBOX_MISMATCH","Path coordinates (-14.0, -12.0) to (46.0, 28.0) extend outside viewBox (0, 0) to (15, 15)"
"temaki-fire_hydrant.svg","VALID","No issues found"
"temaki-fire_hydrant_underground.svg","VIEWBOX_MISMATCH","Path coordinates (-7.0, -11.1) to (15.0, 15.0) extend outside viewBox (0, 0) to (15, 15)"
"temaki-fireplace.svg","VALID","No issues found"
"temaki-fish_cleaning.svg","VIEWBOX_MISMATCH","Path coordinates (-37.9, -26.1) to (37.2, 33.6) extend outside viewBox (0, 0) to (15, 15)"
"temaki-fish_ladder.svg","VALID","No issues found"
"temaki-fishing_pier.svg","VIEWBOX_MISMATCH","Path coordinates (-38.4, -43.1) to (36.9, 36.6) extend outside viewBox (0, 0) to (15, 15)"
"temaki-florist.svg","VIEWBOX_MISMATCH","Path coordinates (-26.6, -28.3) to (25.6, 36.2) extend outside viewBox (0, 0) to (15, 15)"
"temaki-food.svg","VIEWBOX_MISMATCH","Path coordinates (-31.0, -23.8) to (48.9, 30.9) extend outside viewBox (0, 0) to (15, 15)"
"temaki-fountain.svg","VALID","No issues found"
"temaki-freight_car.svg","VALID","No issues found"
"temaki-furniture.svg","VALID","No issues found"
"temaki-garden_bed.svg","VALID","No issues found"
"temaki-gas.svg","VALID","No issues found"
"temaki-gas_device.svg","VALID","No issues found"
"temaki-gas_manhole.svg","VALID","No issues found"
"temaki-gas_meter.svg","VALID","No issues found"
"temaki-gas_shutoff.svg","VALID","No issues found"
"temaki-gate.svg","VALID","No issues found"
"temaki-golf_cart.svg","VALID","No issues found"
"temaki-golf_green.svg","VALID","No issues found"
"temaki-gondola_lift.svg","VALID","No issues found"
"temaki-goods_lift.svg","VALID","No issues found"
"temaki-gown.svg","VALID","No issues found"
"temaki-grapes.svg","VALID","No issues found"
"temaki-grass.svg","VALID","No issues found"
"temaki-guard_rail.svg","VALID","No issues found"
"temaki-gym.svg","VIEWBOX_MISMATCH","Path coordinates (-13.7, -25.6) to (21.1, 44.9) extend outside viewBox (0, 0) to (15, 15)"
"temaki-hair_care.svg","VIEWBOX_MISMATCH","Path coordinates (-12.3, -15.8) to (42.2, 25.3) extend outside viewBox (0, 0) to (15, 15)"
"temaki-hammer_shoe.svg","VALID","No issues found"
"temaki-hand.svg","VALID","No issues found"
"temaki-handbag.svg","VALID","No issues found"
"temaki-hang_gliding.svg","VIEWBOX_MISMATCH","Path coordinates (-25.8, -15.8) to (28.9, 28.7) extend outside viewBox (0, 0) to (15, 15)"
"temaki-hangar.svg","VALID","No issues found"
"temaki-hanging_rail.svg","VALID","No issues found"
"temaki-hearing_aid.svg","VALID","No issues found"
"temaki-heart.svg","VALID","No issues found"
"temaki-heavy_rail.svg","VALID","No issues found"
"temaki-hedge.svg","VALID","No issues found"
"temaki-height_restrictor.svg","VALID","No issues found"
"temaki-hinduism.svg","VALID","No issues found"
"temaki-horizontal_bar.svg","VALID","No issues found"
"temaki-horn_cleat.svg","VALID","No issues found"
"temaki-horse_shelter.svg","VALID","No issues found"
"temaki-horseshoe.svg","VALID","No issues found"
"temaki-horseshoes.svg","VALID","No issues found"
"temaki-hot_drink_cup.svg","VALID","No issues found"
"temaki-houseboat.svg","VALID","No issues found"
"temaki-hunting_blind.svg","VALID","No issues found"
"temaki-hut.svg","VALID","No issues found"
"temaki-ice_fishing.svg","VIEWBOX_MISMATCH","Path coordinates (-32.0, -29.6) to (49.0, 47.4) extend outside viewBox (0, 0) to (15, 15)"
"temaki-ice_skating.svg","VIEWBOX_MISMATCH","Path coordinates (-22.0, -28.0) to (43.6, 38.2) extend outside viewBox (0, 0) to (15, 15)"
"temaki-info_board.svg","VALID","No issues found"
"temaki-inline_skating.svg","VIEWBOX_MISMATCH","Path coordinates (-30.9, -29.6) to (35.2, 28.5) extend outside viewBox (0, 0) to (15, 15)"
"temaki-island_trees_building.svg","VALID","No issues found"
"temaki-islet_tree.svg","VALID","No issues found"
"temaki-j_bar_lift.svg","VALID","No issues found"
"temaki-jet_skiing.svg","VIEWBOX_MISMATCH","Path coordinates (-16.1, -47.4) to (31.9, 18.7) extend outside viewBox (0, 0) to (15, 15)"
"temaki-jetplane_front.svg","VALID","No issues found"
"temaki-jewelry_store.svg","VALID","No issues found"
"temaki-junction.svg","VALID","No issues found"
"temaki-junk_car.svg","VALID","No issues found"
"temaki-kayaking.svg","VIEWBOX_MISMATCH","Path coordinates (-19.0, -20.6) to (41.5, 30.8) extend outside viewBox (0, 0) to (15, 15)"
"temaki-kerb-flush.svg","VALID","No issues found"
"temaki-kerb-lowered.svg","VALID","No issues found"
"temaki-kerb-raised.svg","VALID","No issues found"
"temaki-kerb-rolled.svg","VALID","No issues found"
"temaki-kerb-unspecified.svg","VALID","No issues found"
"temaki-kitchen_sink.svg","VALID","No issues found"
"temaki-latrine.svg","VIEWBOX_MISMATCH","Path coordinates (0.0, -2.0) to (46.5, 43.0) extend outside viewBox (0, 0) to (15, 15)"
"temaki-laundry.svg","VIEWBOX_MISMATCH","Path coordinates (-33.7, -39.0) to (39.0, 33.2) extend outside viewBox (0, 0) to (15, 15)"
"temaki-lawn.svg","VALID","No issues found"
"temaki-lawyer.svg","VIEWBOX_MISMATCH","Path coordinates (-43.2, -20.5) to (36.6, 34.9) extend outside viewBox (0, 0) to (15, 15)"
"temaki-letter_box.svg","VALID","No issues found"
"temaki-library.svg","VIEWBOX_MISMATCH","Path coordinates (-14.6, -22.0) to (25.1, 23.6) extend outside viewBox (0, 0) to (15, 15)"
"temaki-lift_gate.svg","VALID","No issues found"
"temaki-light_rail.svg","VALID","No issues found"
"temaki-lipstick.svg","VALID","No issues found"
"temaki-lock.svg","VIEWBOX_MISMATCH","Path coordinates (-24.0, -25.5) to (43.2, 25.5) extend outside viewBox (0, 0) to (15, 15)"
"temaki-lounger.svg","VALID","No issues found"
"temaki-lounging.svg","VALID","No issues found"
"temaki-manhole.svg","VALID","No issues found"
"temaki-manufactured_home.svg","VALID","No issues found"
"temaki-mast.svg","VALID","No issues found"
"temaki-mast_communication.svg","VALID","No issues found"
"temaki-mast_lighting.svg","VALID","No issues found"
"temaki-maze.svg","VALID","No issues found"
"temaki-meat.svg","VALID","No issues found"
"temaki-milestone.svg","VALID","No issues found"
"temaki-military.svg","VALID","No issues found"
"temaki-military_checkpoint.svg","VALID","No issues found"
"temaki-milk_jug.svg","VALID","No issues found"
"temaki-mineshaft_cage.svg","VALID","No issues found"
"temaki-mineshaft_profile.svg","VALID","No issues found"
"temaki-money_hand.svg","VALID","No issues found"
"temaki-monorail.svg","VALID","No issues found"
"temaki-motorcycle.svg","VALID","No issues found"
"temaki-motorcycle_rental.svg","VALID","No issues found"
"temaki-motorcycle_repair.svg","VALID","No issues found"
"temaki-mountain_asterisk.svg","VALID","No issues found"
"temaki-mountain_cross.svg","VALID","No issues found"
"temaki-mountain_range.svg","VALID","No issues found"
"temaki-movie_rental.svg","VIEWBOX_MISMATCH","Path coordinates (-29.7, -41.9) to (29.7, 41.9) extend outside viewBox (0, 0) to (15, 15)"
"temaki-museum.svg","VALID","No issues found"
"temaki-needle_and_spool.svg","VALID","No issues found"
"temaki-obelisk.svg","VALID","No issues found"
"temaki-oil_well.svg","VALID","No issues found"
"temaki-os_benchmark.svg","VALID","No issues found"
"temaki-parking_space.svg","VALID","No issues found"
"temaki-passport_checkpoint.svg","VALID","No issues found"
"temaki-ped_cyclist_crosswalk.svg","VALID","No issues found"
"temaki-pedestrian.svg","VALID","No issues found"
"temaki-pedestrian_and_cyclist.svg","VALID","No issues found"
"temaki-pedestrian_crosswalk.svg","VALID","No issues found"
"temaki-pedestrian_walled.svg","VALID","No issues found"
"temaki-perfume.svg","VALID","No issues found"
"temaki-pet_grooming.svg","VALID","No issues found"
"temaki-pet_store.svg","VIEWBOX_MISMATCH","Path coordinates (-36.7, -17.7) to (25.0, 21.5) extend outside viewBox (0, 0) to (15, 15)"
"temaki-pharmacy.svg","VIEWBOX_MISMATCH","Path coordinates (-28.9, -13.0) to (39.4, 28.9) extend outside viewBox (0, 0) to (15, 15)"
"temaki-physiotherapist.svg","VIEWBOX_MISMATCH","Path coordinates (-17.9, -30.1) to (35.1, 30.1) extend outside viewBox (0, 0) to (15, 15)"
"temaki-pick_hammer.svg","VALID","No issues found"
"temaki-picnic_shelter.svg","VALID","No issues found"
"temaki-pier_fixed.svg","VALID","No issues found"
"temaki-pier_floating.svg","VALID","No issues found"
"temaki-pin.svg","VIEWBOX_MISMATCH","Path coordinates (-15.0, -35.1) to (25.0, 35.1) extend outside viewBox (0, 0) to (15, 15)"
"temaki-pipe.svg","VALID","No issues found"
"temaki-plane_taxiing.svg","VALID","No issues found"
"temaki-planes.svg","VALID","No issues found"
"temaki-planes_bidirectional.svg","VALID","No issues found"
"temaki-plant.svg","VALID","No issues found"
"temaki-plaque.svg","VALID","No issues found"
"temaki-platter_lift.svg","VALID","No issues found"
"temaki-play_structure.svg","VALID","No issues found"
"temaki-plumber.svg","VALID","No issues found"
"temaki-police_checkpoint.svg","VALID","No issues found"
"temaki-police_officer.svg","VALID","No issues found"
"temaki-polished_nail.svg","VALID","No issues found"
"temaki-portrait.svg","VALID","No issues found"
"temaki-portrait_framed.svg","VALID","No issues found"
"temaki-post_box.svg","VALID","No issues found"
"temaki-poster_box.svg","VALID","No issues found"
"temaki-power.svg","VALID","No issues found"
"temaki-power_cb.svg","VALID","No issues found"
"temaki-power_cb2.svg","VALID","No issues found"
"temaki-power_circuit.svg","VALID","No issues found"
"temaki-power_ct.svg","VALID","No issues found"
"temaki-power_device.svg","VALID","No issues found"
"temaki-power_isolator.svg","VALID","No issues found"
"temaki-power_la.svg","VALID","No issues found"
"temaki-power_manhole.svg","VALID","No issues found"
"temaki-power_meter.svg","VALID","No issues found"
"temaki-power_pole.svg","VALID","No issues found"
"temaki-power_shutoff.svg","VALID","No issues found"
"temaki-power_switch.svg","VALID","No issues found"
"temaki-power_tower.svg","VALID","No issues found"
"temaki-power_transformer.svg","VALID","No issues found"
"temaki-powered_pump.svg","VALID","No issues found"
"temaki-propane_tank.svg","VALID","No issues found"
"temaki-psychic.svg","VALID","No issues found"
"temaki-quakerism.svg","VALID","No issues found"
"temaki-quay.svg","VALID","No issues found"
"temaki-racetrack_oval.svg","VALID","No issues found"
"temaki-radiation.svg","VALID","No issues found"
"temaki-radio.svg","VALID","No issues found"
"temaki-rafting.svg","VIEWBOX_MISMATCH","Path coordinates (-31.7, -14.2) to (22.0, 31.7) extend outside viewBox (0, 0) to (15, 15)"
"temaki-rail_flag.svg","VALID","No issues found"
"temaki-rail_profile.svg","VALID","No issues found"
"temaki-railing.svg","VALID","No issues found"
"temaki-railway_cable_track.svg","VALID","No issues found"
"temaki-railway_signals.svg","VALID","No issues found"
"temaki-railway_track.svg","VALID","No issues found"
"temaki-railway_track_askew.svg","VALID","No issues found"
"temaki-railway_track_mini.svg","VALID","No issues found"
"temaki-railway_track_narrow.svg","VALID","No issues found"
"temaki-railway_track_partial.svg","VALID","No issues found"
"temaki-real_estate_agency.svg","VALID","No issues found"
"temaki-rigging.svg","VALID","No issues found"
"temaki-rocket_firework.svg","VALID","No issues found"
"temaki-roller_coaster.svg","VALID","No issues found"
"temaki-room.svg","VALID","No issues found"
"temaki-rope_fence.svg","VALID","No issues found"
"temaki-row_houses.svg","VALID","No issues found"
"temaki-ruins.svg","VALID","No issues found"
"temaki-rumble_strip.svg","VALID","No issues found"
"temaki-saddle.svg","VALID","No issues found"
"temaki-sail.svg","VALID","No issues found"
"temaki-sailboat.svg","VIEWBOX_MISMATCH","Path coordinates (-7.0, -1.0) to (46.0, 41.0) extend outside viewBox (0, 0) to (15, 15)"
"temaki-sailing.svg","VIEWBOX_MISMATCH","Path coordinates (-33.5, -48.0) to (47.0, 49.0) extend outside viewBox (0, 0) to (15, 15)"
"temaki-sandbox.svg","VALID","No issues found"
"temaki-sandwich.svg","VALID","No issues found"
"temaki-scaffold.svg","VALID","No issues found"
"temaki-school.svg","VALID","No issues found"
"temaki-school_bus.svg","VALID","No issues found"
"temaki-scuba_diving.svg","VIEWBOX_MISMATCH","Path coordinates (-11.1, -12.2) to (34.3, 22.1) extend outside viewBox (0, 0) to (15, 15)"
"temaki-sculpture.svg","VALID","No issues found"
"temaki-security_camera.svg","VALID","No issues found"
"temaki-seesaw.svg","VALID","No issues found"
"temaki-shield.svg","VALID","No issues found"
"temaki-shinto.svg","VALID","No issues found"
"temaki-shopping_mall.svg","VIEWBOX_MISMATCH","Path coordinates (-31.8, -13.0) to (25.6, 32.1) extend outside viewBox (0, 0) to (15, 15)"
"temaki-shower.svg","VALID","No issues found"
"temaki-shrub.svg","VALID","No issues found"
"temaki-shrub_low.svg","VALID","No issues found"
"temaki-shuffleboard.svg","VALID","No issues found"
"temaki-sign_and_bench.svg","VALID","No issues found"
"temaki-sign_and_car.svg","VALID","No issues found"
"temaki-sign_and_pedestrian.svg","VALID","No issues found"
"temaki-sikhism.svg","VALID","No issues found"
"temaki-silo.svg","VALID","No issues found"
"temaki-skateboarding.svg","VIEWBOX_MISMATCH","Path coordinates (-19.5, -40.6) to (30.1, 49.0) extend outside viewBox (0, 0) to (15, 15)"
"temaki-ski_jumping.svg","VIEWBOX_MISMATCH","Path coordinates (-41.4, -26.5) to (41.4, 26.5) extend outside viewBox (0, 0) to (15, 15)"
"temaki-skiing.svg","VIEWBOX_MISMATCH","Path coordinates (-40.3, -23.9) to (44.2, 26.4) extend outside viewBox (0, 0) to (15, 15)"
"temaki-sledding.svg","VIEWBOX_MISMATCH","Path coordinates (-15.1, -34.4) to (43.0, 36.2) extend outside viewBox (0, 0) to (15, 15)"
"temaki-sleep_shelter.svg","VALID","No issues found"
"temaki-slide.svg","VALID","No issues found"
"temaki-snow.svg","VIEWBOX_MISMATCH","Path coordinates (-6.5, -22.6) to (23.0, 47.7) extend outside viewBox (0, 0) to (15, 15)"
"temaki-snow_shoeing.svg","VIEWBOX_MISMATCH","Path coordinates (-20.6, -13.2) to (34.6, 14.8) extend outside viewBox (0, 0) to (15, 15)"
"temaki-snowboarding.svg","VIEWBOX_MISMATCH","Path coordinates (-17.0, -10.0) to (47.4, 21.8) extend outside viewBox (0, 0) to (15, 15)"
"temaki-snowmobile.svg","VIEWBOX_MISMATCH","Path coordinates (-28.0, -23.8) to (20.7, 29.6) extend outside viewBox (0, 0) to (15, 15)"
"temaki-social_facility.svg","VALID","No issues found"
"temaki-spa.svg","VIEWBOX_MISMATCH","Path coordinates (-18.0, -27.0) to (47.2, 41.0) extend outside viewBox (0, 0) to (15, 15)"
"temaki-speaker.svg","VALID","No issues found"
"temaki-speed_bump.svg","VALID","No issues found"
"temaki-speed_dip.svg","VALID","No issues found"
"temaki-speed_dip_double.svg","VALID","No issues found"
"temaki-speed_hump.svg","VALID","No issues found"
"temaki-speed_table.svg","VALID","No issues found"
"temaki-speedway_8.svg","VALID","No issues found"
"temaki-speedway_oval.svg","VALID","No issues found"
"temaki-spice_bottle.svg","VALID","No issues found"
"temaki-spike_strip.svg","VALID","No issues found"
"temaki-spotting_scope.svg","VALID","No issues found"
"temaki-spring_rider.svg","VALID","No issues found"
"temaki-stamp.svg","VALID","No issues found"
"temaki-statue.svg","VALID","No issues found"
"temaki-stile_squeezer.svg","VALID","No issues found"
"temaki-stop.svg","VALID","No issues found"
"temaki-storage.svg","VIEWBOX_MISMATCH","Path coordinates (-44.0, -33.0) to (44.0, 33.0) extend outside viewBox (0, 0) to (15, 15)"
"temaki-storage_drum.svg","VALID","No issues found"
"temaki-storage_fermenter.svg","VALID","No issues found"
"temaki-storage_rental.svg","VALID","No issues found"
"temaki-storage_tank.svg","VALID","No issues found"
"temaki-street_lamp_arm.svg","VALID","No issues found"
"temaki-striped_way.svg","VALID","No issues found"
"temaki-striped_zone.svg","VALID","No issues found"
"temaki-subway.svg","VALID","No issues found"
"temaki-suitcase.svg","VALID","No issues found"
"temaki-suitcase_key.svg","VALID","No issues found"
"temaki-suitcase_xray.svg","VALID","No issues found"
"temaki-surfing.svg","VIEWBOX_MISMATCH","Path coordinates (-44.4, -16.9) to (38.0, 35.5) extend outside viewBox (0, 0) to (15, 15)"
"temaki-swamp.svg","VALID","No issues found"
"temaki-t_bar_lift.svg","VALID","No issues found"
"temaki-tall_gate.svg","VALID","No issues found"
"temaki-tanning.svg","VALID","No issues found"
"temaki-tanning2.svg","VALID","No issues found"
"temaki-taoism.svg","VALID","No issues found"
"temaki-tattoo_machine.svg","VALID","No issues found"
"temaki-taxi_stand.svg","VIEWBOX_MISMATCH","Path coordinates (-37.2, -29.6) to (45.7, 24.1) extend outside viewBox (0, 0) to (15, 15)"
"temaki-telephone.svg","VIEWBOX_MISMATCH","Path coordinates (-12.0, -16.6) to (19.5, 21.0) extend outside viewBox (0, 0) to (15, 15)"
"temaki-telescope.svg","VALID","No issues found"
"temaki-temaki.svg","VALID","No issues found"
"temaki-tennis.svg","VIEWBOX_MISMATCH","Path coordinates (-38.4, -27.3) to (25.5, 35.4) extend outside viewBox (0, 0) to (15, 15)"
"temaki-tents.svg","VIEWBOX_MISMATCH","Path coordinates (-17.3, -9.7) to (48.0, 48.0) extend outside viewBox (0, 0) to (15, 15)"
"temaki-ticket.svg","VALID","No issues found"
"temaki-tiling.svg","VALID","No issues found"
"temaki-tire.svg","VALID","No issues found"
"temaki-tire_course.svg","VALID","No issues found"
"temaki-toll_gantry.svg","VALID","No issues found"
"temaki-toolbox.svg","VIEWBOX_MISMATCH","Path coordinates (-21.0, -19.2) to (47.1, 21.0) extend outside viewBox (0, 0) to (15, 15)"
"temaki-tools.svg","VALID","No issues found"
"temaki-tower.svg","VALID","No issues found"
"temaki-tower_communication.svg","VALID","No issues found"
"temaki-town_hall.svg","VALID","No issues found"
"temaki-traffic_signals.svg","VALID","No issues found"
"temaki-train.svg","VALID","No issues found"
"temaki-train_bullet.svg","VALID","No issues found"
"temaki-train_diesel.svg","VALID","No issues found"
"temaki-train_kids.svg","VALID","No issues found"
"temaki-train_steam.svg","VALID","No issues found"
"temaki-train_wash.svg","VALID","No issues found"
"temaki-tram.svg","VALID","No issues found"
"temaki-tram_side.svg","VALID","No issues found"
"temaki-transit.svg","VALID","No issues found"
"temaki-transit_shelter.svg","VALID","No issues found"
"temaki-tree_and_bench.svg","VALID","No issues found"
"temaki-tree_broadleaved.svg","VALID","No issues found"
"temaki-tree_cactus.svg","VALID","No issues found"
"temaki-tree_leafless.svg","VALID","No issues found"
"temaki-tree_needleleaved.svg","VALID","No issues found"
"temaki-tree_palm.svg","VALID","No issues found"
"temaki-tree_row.svg","VALID","No issues found"
"temaki-tree_stump.svg","VALID","No issues found"
"temaki-trench.svg","VALID","No issues found"
"temaki-trolleybus.svg","VALID","No issues found"
"temaki-truck.svg","VALID","No issues found"
"temaki-tunnel.svg","VALID","No issues found"
"temaki-turnstile.svg","VALID","No issues found"
"temaki-utility_pole.svg","VALID","No issues found"
"temaki-vacuum.svg","VALID","No issues found"
"temaki-vacuum_station.svg","VALID","No issues found"
"temaki-valley.svg","VALID","No issues found"
"temaki-vase.svg","VALID","No issues found"
"temaki-vending_bread.svg","VALID","No issues found"
"temaki-vending_cigarettes.svg","VALID","No issues found"
"temaki-vending_cold_drink.svg","VALID","No issues found"
"temaki-vending_cold_drink2.svg","VALID","No issues found"
"temaki-vending_eggs.svg","VALID","No issues found"
"temaki-vending_flat_coin.svg","VALID","No issues found"
"temaki-vending_hot_drink.svg","VALID","No issues found"
"temaki-vending_hot_drink2.svg","VALID","No issues found"
"temaki-vending_ice.svg","VALID","No issues found"
"temaki-vending_ice_cream.svg","VALID","No issues found"
"temaki-vending_ice_cream2.svg","VALID","No issues found"
"temaki-vending_lockers.svg","VALID","No issues found"
"temaki-vending_love.svg","VALID","No issues found"
"temaki-vending_machine.svg","VALID","No issues found"
"temaki-vending_medicine.svg","VALID","No issues found"
"temaki-vending_newspaper.svg","VALID","No issues found"
"temaki-vending_pet_waste.svg","VALID","No issues found"
"temaki-vending_stamps.svg","VALID","No issues found"
"temaki-vending_tickets.svg","VALID","No issues found"
"temaki-vending_venus.svg","VALID","No issues found"
"temaki-vertex.svg","VALID","No issues found"
"temaki-vertical_rotisserie.svg","VALID","No issues found"
"temaki-veterinary_care.svg","VIEWBOX_MISMATCH","Path coordinates (-17.4, -17.3) to (29.1, 18.9) extend outside viewBox (0, 0) to (15, 15)"
"temaki-wall.svg","VIEWBOX_MISMATCH","Path coordinates (-5.0, -9.0) to (13.5, 11.0) extend outside viewBox (0, 0) to (15, 15)"
"temaki-waste.svg","VALID","No issues found"
"temaki-waste_device.svg","VALID","No issues found"
"temaki-waste_manhole.svg","VALID","No issues found"
"temaki-waste_meter.svg","VALID","No issues found"
"temaki-waste_shutoff.svg","VALID","No issues found"
"temaki-water.svg","VALID","No issues found"
"temaki-water_bottle.svg","VIEWBOX_MISMATCH","Path coordinates (-6.0, -6.0) to (46.0, 32.0) extend outside viewBox (0, 0) to (15, 15)"
"temaki-water_device.svg","VALID","No issues found"
"temaki-water_manhole.svg","VALID","No issues found"
"temaki-water_meter.svg","VALID","No issues found"
"temaki-water_shutoff.svg","VALID","No issues found"
"temaki-water_tap.svg","VALID","No issues found"
"temaki-water_tap_drinkable.svg","VALID","No issues found"
"temaki-water_tower.svg","VALID","No issues found"
"temaki-waterskiing.svg","VIEWBOX_MISMATCH","Path coordinates (-29.0, -34.5) to (29.6, 43.4) extend outside viewBox (0, 0) to (15, 15)"
"temaki-well_pump_manual.svg","VALID","No issues found"
"temaki-well_pump_powered.svg","VALID","No issues found"
"temaki-whale_watching.svg","VIEWBOX_MISMATCH","Path coordinates (-18.6, -22.2) to (48.0, 49.0) extend outside viewBox (0, 0) to (15, 15)"
"temaki-wheel.svg","VALID","No issues found"
"temaki-wheelchair.svg","VIEWBOX_MISMATCH","Path coordinates (-12.3, -12.5) to (24.4, 36.7) extend outside viewBox (0, 0) to (15, 15)"
"temaki-wheelchair_active.svg","VALID","No issues found"
"temaki-wind_surfing.svg","VIEWBOX_MISMATCH","Path coordinates (-41.1, -24.2) to (48.0, 49.0) extend outside viewBox (0, 0) to (15, 15)"
"temaki-wind_turbine.svg","VALID","No issues found"
"temaki-windmill.svg","VALID","No issues found"
"temaki-window.svg","VALID","No issues found"
"temaki-windpump.svg","VALID","No issues found"
"temaki-windsock.svg","VALID","No issues found"
"temaki-x_oblique.svg","VALID","No issues found"
"temaki-yield.svg","VALID","No issues found"
"temaki-zoo.svg","VIEWBOX_MISMATCH","Path coordinates (-15.2, -17.7) to (45.9, 28.9) extend outside viewBox (0, 0) to (15, 15)"
"triangle.svg","VALID","No issues found"